personID,endTime_UTC,audiobookName,chapterName,authorName,msPlayed
10,2025-05-26 19:17:00,Fahrenheit-182,Fahrenheit-182,"Mark Hoppus, Dan Ozzi",3820
10,2025-05-26 19:17:00,Fahrenheit-182,Fahrenheit-182,"Mark Hoppus, Dan Ozzi",1480
10,2025-05-26 19:17:00,Fahrenheit-182,Fahrenheit-182,"Mark Hoppus, Dan Ozzi",1320
10,2025-05-26 19:17:00,Fahrenheit-182,Fahrenheit-182,"Mark Hoppus, Dan Ozzi",590
10,2025-05-26 19:17:00,Fahrenheit-182,Fahrenheit-182,"Mark Hoppus, Dan Ozzi",1540
10,2025-05-26 19:17:00,Fahrenheit-182,Fahrenheit-182,"Mark Hoppus, Dan Ozzi",670
10,2025-05-26 19:17:00,Fahrenheit-182,Fahrenheit-182,"Mark Hoppus, Dan Ozzi",600
10,2025-05-26 19:17:00,Fahrenheit-182,Fahrenheit-182,"Mark Hoppus, Dan Ozzi",1490
10,2025-05-26 19:17:00,Fahrenheit-182,Fahrenheit-182,"Mark Hoppus, Dan Ozzi",4030
10,2025-05-26 19:18:00,Fahrenheit-182,Fahrenheit-182,"Mark Hoppus, Dan Ozzi",600
10,2025-05-26 19:18:00,Fahrenheit-182,Fahrenheit-182,"Mark Hoppus, Dan Ozzi",4030
10,2025-05-26 19:18:00,Fahrenheit-182,Fahrenheit-182,"Mark Hoppus, Dan Ozzi",2480
2,2025-02-28 15:30:00,Pride and Prejudice,Pride and Prejudice,Jane Austen,2300
2,2025-02-28 15:33:00,Pride and Prejudice,Pride and Prejudice,Jane Austen,600
2,2025-09-09 04:57:00,69 Erotic Audio Clips - Adult Bedtime Stories,"Chapter 1: My Pussy, Your Face","Lana Rhoades, Abella Danger, Alex Adams, Angela White, Anna Ralphs, Cas Summer, Mia Malkova, Nikki Benz",104800
2,2025-09-09 04:58:00,69 Erotic Audio Clips - Adult Bedtime Stories,Chapter 2: Horny Ex Girlfriend Wants You Back,"Lana Rhoades, Abella Danger, Alex Adams, Angela White, Anna Ralphs, Cas Summer, Mia Malkova, Nikki Benz",5630
2,2025-09-29 00:57:00,Atomic Habits,Opening Credits,James Clear,17589
2,2025-09-29 00:58:00,Atomic Habits,Epigraph,James Clear,26466
2,2025-09-29 01:33:00,Atomic Habits,Introduction: My Story,James Clear,846689
2,2025-09-29 01:36:00,Atomic Habits,Chapter 1: The Surprising Power of Atomic Habits,James Clear,191872
2,2025-10-02 13:57:00,Atomic Habits,Chapter 1: The Surprising Power of Atomic Habits,James Clear,405970
2,2025-10-15 12:59:00,The Courage to Be Disliked,The Unknown Third Giant,"Ichiro Kishimi, Fumitake Koga",257013
2,2025-10-15 13:05:00,The Courage to Be Disliked,Why People Can Change,"Ichiro Kishimi, Fumitake Koga",357912
2,2025-10-15 14:53:00,The Courage to Be Disliked,Trauma Does Not Exist,"Ichiro Kishimi, Fumitake Koga",4115
2,2025-10-16 13:00:00,The Courage to Be Disliked,Trauma Does Not Exist,"Ichiro Kishimi, Fumitake Koga",377793
2,2025-10-16 13:21:00,The Courage to Be Disliked,People Fabricate Anger,"Ichiro Kishimi, Fumitake Koga",0
2,2025-10-16 13:29:00,The Courage to Be Disliked,People Fabricate Anger,"Ichiro Kishimi, Fumitake Koga",293625
2,2025-10-16 13:36:00,The Courage to Be Disliked,How to Live Without Being Controlled by the Past,"Ichiro Kishimi, Fumitake Koga",428636
2,2025-10-16 13:39:00,The Courage to Be Disliked,Socrates and Adler,"Ichiro Kishimi, Fumitake Koga",161736
2,2025-10-16 13:43:00,The Courage to Be Disliked,Unhappiness Is Something You Choose for Yourself,"Ichiro Kishimi, Fumitake Koga",0
2,2025-10-16 13:43:00,The Courage to Be Disliked,Are You Okay Just As You Are?,"Ichiro Kishimi, Fumitake Koga",234896
2,2025-10-18 16:29:00,The Courage to Be Disliked,Unhappiness Is Something You Choose for Yourself,"Ichiro Kishimi, Fumitake Koga",260590
2,2025-10-18 16:38:00,The Courage to Be Disliked,People Always Choose Not to Change,"Ichiro Kishimi, Fumitake Koga",456409
2,2025-10-18 18:04:00,The Courage to Be Disliked,Your Life is Decided Here and Now,"Ichiro Kishimi, Fumitake Koga",529
2,2025-11-06 13:21:00,The Courage to Be Disliked,Your Life is Decided Here and Now,"Ichiro Kishimi, Fumitake Koga",382746
2,2025-11-06 13:22:00,The Courage to Be Disliked,The 2nd Night:  All Problems Are Interpersonal Relationship Problems,"Ichiro Kishimi, Fumitake Koga",58000
2,2025-11-06 13:33:00,The Courage to Be Disliked,Why You Dislike Yourself,"Ichiro Kishimi, Fumitake Koga",664243
2,2025-11-06 13:34:00,The Courage to Be Disliked,All Problems Are Interpersonal Relationship Problems,"Ichiro Kishimi, Fumitake Koga",21531
2,2025-11-10 12:48:00,The Courage to Be Disliked,All Problems Are Interpersonal Relationship Problems,"Ichiro Kishimi, Fumitake Koga",290909
2,2025-11-10 12:57:00,The Courage to Be Disliked,Feelings of Inferiority Are Subjective Assumptions,"Ichiro Kishimi, Fumitake Koga",538311
2,2025-11-10 13:05:00,The Courage to Be Disliked,An Inferiority Complex Is an Excuse,"Ichiro Kishimi, Fumitake Koga",488196
2,2025-11-10 13:12:00,The Courage to Be Disliked,Braggarts Have Feelings of Inferiority,"Ichiro Kishimi, Fumitake Koga",392084
2,2025-11-13 13:00:00,The Courage to Be Disliked,Braggarts Have Feelings of Inferiority,"Ichiro Kishimi, Fumitake Koga",259981
2,2025-11-13 13:06:00,The Courage to Be Disliked,Life Is Not a Competition,"Ichiro Kishimi, Fumitake Koga",348096
2,2025-11-13 13:14:00,The Courage to Be Disliked,You're the Only One Worrying About Your Appearance,"Ichiro Kishimi, Fumitake Koga",513773
2,2025-11-28 15:09:00,The Creative Act,Tuning In,Rick Rubin,3051
2,2025-11-29 20:29:00,101 Essays That Will Change The Way You Think,1. Subconcious Behaviors That Are Keeping You From Having the Life You Want,Brianna Wiest,29550
3,2025-12-01 14:20:00,Bound (A Spotify Special Edition),Bound (A Spotify Special Edition),Ali Hazelwood,35590
3,2025-12-01 14:21:00,Wuthering Heights,Wuthering Heights,Emily Brontë,24549
3,2025-12-01 14:38:00,Wuthering Heights,Wuthering Heights,Emily Brontë,280
5,2025-02-14 19:54:00,60 Songs That Explain the '90s,Track 1,Rob Harvilla,25553
5,2025-02-14 19:58:00,60 Songs That Explain the '90s,Track 2,Rob Harvilla,280865
6,2025-12-08 16:19:00,The World for Sale,Opening Credits,"Javier Blas, Jack Farchy",30000
6,2025-12-08 20:11:00,The World for Sale,Introduction: The Last Swashbucklers,"Javier Blas, Jack Farchy",2060218
6,2025-12-10 11:44:00,The World for Sale,Introduction: The Last Swashbucklers,"Javier Blas, Jack Farchy",23020
6,2025-12-10 11:44:00,The World for Sale,Chapter 3: The Last Bank in Town,"Javier Blas, Jack Farchy",17900
6,2025-12-10 11:44:00,The World for Sale,Chapter 1: The Pioneers,"Javier Blas, Jack Farchy",6230
6,2025-12-10 12:28:00,The World for Sale,Chapter 4: Paper Barrels,"Javier Blas, Jack Farchy",2290364
6,2025-12-10 20:24:00,The World for Sale,Chapter 5: The Fall of Marc Rich,"Javier Blas, Jack Farchy",2120886
6,2025-12-11 19:49:00,The World for Sale,Chapter 5: The Fall of Marc Rich,"Javier Blas, Jack Farchy",2120886
6,2025-12-12 00:41:00,The World for Sale,Chapter 5: The Fall of Marc Rich,"Javier Blas, Jack Farchy",840
6,2025-12-13 05:20:00,The World for Sale,Chapter 6: The Biggest Closing-Down Sale in History,"Javier Blas, Jack Farchy",1956520
8,2025-05-29 21:17:00,Fahrenheit-182,Fahrenheit-182,"Mark Hoppus, Dan Ozzi",3500
8,2025-05-29 21:17:00,Meditations of Marcus Aurelius,Meditations of Marcus Aurelius,Marcus Aurelius,1770
8,2025-05-29 21:17:00,The Idiot,The Idiot,Fyodor Dostoevsky,4780
8,2025-05-29 21:17:00,Abundance,Abundance,"Ezra Klein, Derek Thompson",900
8,2025-05-29 21:17:00,Red Rising,Red Rising,Pierce Brown,80
8,2025-05-29 21:17:00,Red Rising,Red Rising,Pierce Brown,1210
8,2025-05-29 21:17:00,Heart of Darkness,Heart of Darkness,Joseph Conrad,1110
8,2025-05-29 21:17:00,The Hundred Years' War on Palestine,The Hundred Years' War on Palestine,Rashid Khalidi,950
8,2025-05-29 21:17:00,The Well of Ascension,The Well of Ascension,Brandon Sanderson,2660
8,2025-05-29 21:17:00,101 Essays That Will Change The Way You Think,101 Essays That Will Change The Way You Think,Brianna Wiest,1160
8,2025-05-29 21:17:00,The Two Towers,The Two Towers,J.R.R. Tolkien,1750
8,2025-05-29 21:17:00,Wuthering Heights,Wuthering Heights,Emily Brontë,1680
8,2025-05-29 21:21:00,Ready Player One,Opening Credits,Ernest Cline,8000
8,2025-05-29 21:45:00,Ready Player One,Chapter 0,Ernest Cline,1426019
8,2025-05-29 23:08:00,Ready Player One,Chapter 1,Ernest Cline,1717730
8,2025-05-30 20:23:00,Ready Player One,Chapter 1,Ernest Cline,639637
8,2025-05-30 20:24:00,Ready Player One,Chapter 2,Ernest Cline,28030
8,2025-05-31 18:13:00,Ready Player One,Chapter 2,Ernest Cline,1580367
8,2025-05-31 18:36:00,Ready Player One,Chapter 3,Ernest Cline,1416804
8,2025-05-31 18:39:00,Ready Player One,Chapter 4,Ernest Cline,181850
8,2025-06-02 21:55:00,Ready Player One,Chapter 4,Ernest Cline,672604
8,2025-06-02 22:19:00,Ready Player One,Chapter 5,Ernest Cline,1441045
8,2025-06-02 22:39:00,Ready Player One,Chapter 6,Ernest Cline,1201929
8,2025-06-02 22:54:00,Ready Player One,Chapter 7,Ernest Cline,892860
8,2025-06-04 00:05:00,Ready Player One,Chapter 7,Ernest Cline,190310
8,2025-06-05 21:19:00,Ready Player One,Chapter 7,Ernest Cline,460413
8,2025-06-05 21:49:00,Ready Player One,Chapter 8,Ernest Cline,1792601
8,2025-06-05 22:24:00,Ready Player One,Chapter 10,Ernest Cline,3340
8,2025-06-05 22:24:00,Ready Player One,Chapter 9,Ernest Cline,2086218
8,2025-06-06 20:43:00,Ready Player One,Chapter 10,Ernest Cline,1270209
8,2025-06-06 21:02:00,Ready Player One,Chapter 11,Ernest Cline,1132383
8,2025-06-06 21:28:00,Ready Player One,Chapter 12,Ernest Cline,1583961
8,2025-06-06 21:42:00,Ready Player One,Chapter 13,Ernest Cline,842502
8,2025-06-06 21:49:00,Ready Player One,Chapter 14,Ernest Cline,344170
8,2025-06-08 12:54:00,Ready Player One,Chapter 14,Ernest Cline,1867325
8,2025-06-08 13:09:00,Ready Player One,Chapter 15,Ernest Cline,723290
8,2025-06-09 21:39:00,Ready Player One,Chapter 15,Ernest Cline,800854
8,2025-06-09 21:55:00,Ready Player One,Chapter 16,Ernest Cline,1004592
8,2025-06-09 22:12:00,Ready Player One,Chapter 17,Ernest Cline,965200
8,2025-06-11 15:36:00,Ready Player One,Chapter 17,Ernest Cline,712996
8,2025-06-11 16:02:00,Ready Player One,Chapter 18,Ernest Cline,1549626
8,2025-06-11 16:28:00,Ready Player One,Chapter 19,Ernest Cline,1571449
8,2025-06-11 16:49:00,Ready Player One,Chapter 20,Ernest Cline,1275455
8,2025-06-11 16:50:00,Ready Player One,Chapter 21,Ernest Cline,11590
8,2025-06-13 13:30:00,Ready Player One,Chapter 21,Ernest Cline,1143456
8,2025-06-13 13:46:00,Ready Player One,Chapter 22,Ernest Cline,944790
8,2025-06-15 14:45:00,Ready Player One,Chapter 22,Ernest Cline,725565
8,2025-06-15 15:04:00,Ready Player One,Chapter 23,Ernest Cline,1169085
8,2025-06-15 15:10:00,Ready Player One,Chapter 24,Ernest Cline,327560
8,2025-06-17 23:25:00,Ready Player One,Chapter 24,Ernest Cline,686958
8,2025-06-17 23:45:00,Ready Player One,Chapter 25,Ernest Cline,1186143
8,2025-06-18 00:12:00,Ready Player One,Chapter 26,Ernest Cline,1605382
8,2025-06-18 00:21:00,Ready Player One,Chapter 27,Ernest Cline,479840
8,2025-06-18 21:17:00,Ready Player One,Chapter 27,Ernest Cline,934930
8,2025-06-18 21:34:00,Ready Player One,Chapter 28,Ernest Cline,1013160
8,2025-06-18 21:42:00,Ready Player One,Chapter 29,Ernest Cline,452820
8,2025-06-19 14:33:00,Ready Player One,Chapter 29,Ernest Cline,605646
8,2025-06-19 15:02:00,Ready Player One,Chapter 30,Ernest Cline,1683420
8,2025-06-19 18:28:00,Ready Player One,Chapter 0,Ernest Cline,4969
8,2025-06-20 17:09:00,Ready Player One,Chapter 30,Ernest Cline,207466
8,2025-06-20 17:32:00,Ready Player One,Chapter 31,Ernest Cline,1366335
8,2025-06-20 17:54:00,Ready Player One,Chapter 32,Ernest Cline,1306802
8,2025-06-20 18:28:00,Ready Player One,Chapter 33,Ernest Cline,1906780
8,2025-06-22 13:18:00,Ready Player One,Chapter 33,Ernest Cline,379372
8,2025-06-22 13:40:00,Ready Player One,Chapter 34,Ernest Cline,1316546
8,2025-06-22 13:45:00,Ready Player One,Chapter 35,Ernest Cline,278690
8,2025-06-23 12:33:00,Ready Player One,Chapter 35,Ernest Cline,8470
8,2025-06-29 13:22:00,Ready Player One,Chapter 35,Ernest Cline,1131116
8,2025-06-29 13:40:00,Ready Player One,Chapter 36,Ernest Cline,1068696
8,2025-06-29 14:04:00,Ready Player One,Chapter 37,Ernest Cline,1389460
8,2025-06-29 14:06:00,Ready Player One,Chapter 37,Ernest Cline,85796
8,2025-06-29 14:29:00,Ready Player One,Chapter 38,Ernest Cline,1357245
8,2025-06-29 14:39:00,Ready Player One,Ending Credits,Ernest Cline,34639
8,2025-06-29 14:39:00,Ready Player One,Chapter 39,Ernest Cline,576601
8,2025-06-30 22:34:00,Ready Player Two,Opening Credits,Ernest Cline,11346
8,2025-06-30 22:55:00,Ready Player Two,Cutscene,Ernest Cline,1258360
8,2025-06-30 23:13:00,Ready Player Two,Chapter 0,Ernest Cline,1065180
8,2025-07-05 13:43:00,Ready Player Two,Chapter 0,Ernest Cline,622017
8,2025-07-05 14:23:00,Ready Player Two,Chapter 1,Ernest Cline,2405560
8,2025-07-05 14:56:00,Ready Player Two,Chapter 2,Ernest Cline,1963146
8,2025-07-05 15:26:00,Ready Player Two,Chapter 3,Ernest Cline,1786800
8,2025-07-07 23:00:00,Ready Player Two,Chapter 3,Ernest Cline,264899
8,2025-07-07 23:31:00,Ready Player Two,Chapter 4,Ernest Cline,1833986
8,2025-07-07 23:49:00,Ready Player Two,Chapter 5,Ernest Cline,1119705
8,2025-07-07 23:52:00,Ready Player Two,Chapter 6,Ernest Cline,114300
8,2025-07-08 23:45:00,Ready Player Two,Chapter 6,Ernest Cline,1141989
8,2025-07-09 00:02:00,Ready Player Two,Chapter 7,Ernest Cline,1010502
8,2025-07-09 00:22:00,Ready Player Two,Chapter 9,Ernest Cline,7420
8,2025-07-09 00:22:00,Ready Player Two,Chapter 8,Ernest Cline,1206672
8,2025-07-09 00:27:00,Ready Player Two,Chapter 8,Ernest Cline,1720
8,2025-07-09 21:09:00,Ready Player Two,Chapter 8,Ernest Cline,58736
8,2025-07-09 21:42:00,Ready Player Two,Chapter 9,Ernest Cline,1949426
8,2025-07-09 21:57:00,Ready Player Two,Chapter 10,Ernest Cline,930020
8,2025-07-11 15:50:00,Ready Player Two,Chapter 10,Ernest Cline,1117232
8,2025-07-11 16:15:00,Ready Player Two,Chapter 11,Ernest Cline,1463920
8,2025-07-11 16:26:00,Ready Player Two,Chapter 12,Ernest Cline,642028
8,2025-07-14 21:41:00,Ready Player Two,Chapter 12,Ernest Cline,693413
8,2025-07-14 22:03:00,Ready Player Two,Chapter 13,Ernest Cline,1263338
8,2025-07-15 01:33:00,Ready Player Two,Chapter 14,Ernest Cline,4408
8,2025-07-15 01:34:00,Ready Player Two,Chapter 13,Ernest Cline,18241
8,2025-07-17 13:15:00,Ready Player Two,Chapter 13,Ernest Cline,136293
8,2025-07-17 13:38:00,Ready Player Two,Chapter 14,Ernest Cline,1382400
8,2025-07-17 13:57:00,Ready Player Two,Chapter 15,Ernest Cline,1060246
8,2025-07-18 20:34:00,Ready Player Two,Chapter 15,Ernest Cline,231350
8,2025-07-18 20:51:00,Ready Player Two,Chapter 16,Ernest Cline,1001140
8,2025-07-18 21:11:00,Ready Player Two,Chapter 17,Ernest Cline,1218760
8,2025-07-18 22:32:00,Ready Player Two,Chapter 18,Ernest Cline,9060
8,2025-07-18 22:32:00,Ready Player Two,Chapter 18,Ernest Cline,4343
8,2025-07-20 14:08:00,Ready Player Two,Chapter 18,Ernest Cline,1873213
8,2025-07-20 14:23:00,Ready Player Two,Chapter 19,Ernest Cline,890066
8,2025-07-21 21:36:00,Ready Player Two,Chapter 19,Ernest Cline,316920
8,2025-07-21 22:00:00,Ready Player Two,Chapter 20,Ernest Cline,1421666
8,2025-07-21 22:17:00,Ready Player Two,Chapter 21,Ernest Cline,939583
8,2025-07-22 23:40:00,Ready Player Two,Chapter 21,Ernest Cline,1169536
8,2025-07-23 00:06:00,Ready Player Two,Chapter 22,Ernest Cline,1511586
8,2025-07-23 00:10:00,Ready Player Two,Chapter 23,Ernest Cline,209128
8,2025-07-24 13:43:00,Ready Player Two,Chapter 23,Ernest Cline,1515960
8,2025-07-24 14:25:00,Ready Player Two,Chapter 24,Ernest Cline,1966430
8,2025-07-25 15:33:00,Ready Player Two,Chapter 24,Ernest Cline,250946
8,2025-07-25 16:00:00,Ready Player Two,Chapter 25,Ernest Cline,1629720
8,2025-07-25 16:11:00,Ready Player Two,Chapter 26,Ernest Cline,679960
8,2025-07-25 16:20:00,Ready Player Two,Chapter 27,Ernest Cline,410692
8,2025-07-26 13:55:00,Ready Player Two,Chapter 27,Ernest Cline,1529790
8,2025-07-26 14:09:00,Ready Player Two,Chapter 28,Ernest Cline,784906
8,2025-07-26 14:28:00,Ready Player Two,Chapter 29,Ernest Cline,751013
8,2025-07-28 21:04:00,Ready Player Two,Chapter 29,Ernest Cline,370893
8,2025-07-29 23:14:00,Ready Player Two,Chapter 30,Ernest Cline,1792
8,2025-07-30 00:00:00,Ready Player Two,Chapter 30,Ernest Cline,1688242
8,2025-07-30 00:13:00,Ready Player Two,Continue?,Ernest Cline,781533
8,2025-07-30 00:13:00,Ready Player Two,Ending Credits,Ernest Cline,28560
8,2025-08-01 20:29:00,Dune,Opening Credits,Frank Herbert,60056
8,2025-08-01 20:35:00,Armada,Chapter 0,Ernest Cline,11128
8,2025-08-01 20:35:00,Dune,Chapter 1,Frank Herbert,221093
8,2025-08-01 21:02:00,Armada,Chapter 1,Ernest Cline,1594775
8,2025-08-01 21:38:00,Armada,Chapter 2,Ernest Cline,2178324
8,2025-08-02 23:21:00,Armada,Chapter 3,Ernest Cline,5016
8,2025-08-02 23:21:00,Armada,Chapter 3,Ernest Cline,1064551
8,2025-08-03 17:29:00,Armada,Chapter 3,Ernest Cline,1086440
8,2025-08-03 17:48:00,Armada,Chapter 4,Ernest Cline,1141080
8,2025-08-03 18:02:00,Armada,Chapter 5,Ernest Cline,817046
8,2025-08-05 23:29:00,Armada,Chapter 5,Ernest Cline,887144
8,2025-08-05 23:48:00,Armada,Chapter 6,Ernest Cline,1130004
8,2025-08-06 00:01:00,Armada,Chapter 7,Ernest Cline,656570
8,2025-08-06 22:00:00,Armada,Chapter 7,Ernest Cline,1281841
8,2025-08-07 10:14:00,Armada,Chapter 8,Ernest Cline,1118928
8,2025-08-07 10:15:00,Armada,Chapter 8,Ernest Cline,2090
8,2025-08-10 15:25:00,Armada,Chapter 8,Ernest Cline,580022
8,2025-08-10 15:45:00,Armada,Chapter 9,Ernest Cline,1183921
8,2025-08-10 15:49:00,Armada,Chapter 10,Ernest Cline,226985
8,2025-08-11 21:30:00,Armada,Chapter 10,Ernest Cline,6510
8,2025-08-11 21:56:00,Armada,Chapter 10,Ernest Cline,1570579
8,2025-08-11 22:16:00,Armada,Chapter 11,Ernest Cline,1164300
8,2025-08-16 14:26:00,Armada,Chapter 11,Ernest Cline,4570
8,2025-08-17 15:05:00,Armada,Chapter 11,Ernest Cline,808990
8,2025-08-17 15:30:00,Armada,Chapter 12,Ernest Cline,1464032
8,2025-08-17 18:21:00,Armada,Chapter 13,Ernest Cline,758837
8,2025-08-17 20:37:00,Armada,Chapter 13,Ernest Cline,5829
8,2025-08-22 18:01:00,Armada,Chapter 13,Ernest Cline,920767
8,2025-08-22 18:43:00,Armada,Chapter 14,Ernest Cline,2507728
8,2025-08-22 19:08:00,Armada,Chapter 15,Ernest Cline,1517165
8,2025-08-22 19:40:00,Armada,Chapter 16,Ernest Cline,1900007
8,2025-08-26 14:18:00,Armada,Chapter 16,Ernest Cline,260647
8,2025-08-26 14:46:00,Armada,Chapter 17,Ernest Cline,1649462
8,2025-09-05 14:03:00,Armada,Chapter 17,Ernest Cline,415483
8,2025-09-05 14:32:00,Armada,Chapter 18,Ernest Cline,1709583
8,2025-09-05 15:08:00,Armada,Chapter 19,Ernest Cline,2143268
8,2025-09-05 15:22:00,Armada,Chapter 20,Ernest Cline,851504
8,2025-09-09 13:25:00,Armada,Chapter 20,Ernest Cline,340026
8,2025-09-09 13:45:00,Armada,Chapter 21,Ernest Cline,1188933
8,2026-01-05 21:49:00,Piranesi,Piranesi,Susanna Clarke,580
8,2026-01-05 21:49:00,No Country for Old Men,No Country for Old Men,Cormac McCarthy,70
8,2026-01-05 21:49:00,The Fisherman,The Fisherman,John Langan,1080
8,2026-01-05 21:49:00,Dune Messiah,Dune Messiah,Frank Herbert,560
8,2026-01-05 21:49:00,HIS BLACK TONGUE,HIS BLACK TONGUE,MItchell Luthi,220
8,2026-01-05 21:49:00,The Ritual,The Ritual,Adam Nevill,60
8,2026-01-05 21:49:00,The Faithful Executioner,The Faithful Executioner,Joel F. Harrington,90
8,2026-01-05 21:49:00,Grace Given,Grace Given,"Geoff ""SmoughTown"" Truscott",80
8,2026-01-05 21:50:00,HIS BLACK TONGUE,HIS BLACK TONGUE,MItchell Luthi,340
8,2026-01-05 21:50:00,The Faithful Executioner,The Faithful Executioner,Joel F. Harrington,0
8,2026-01-05 21:51:00,A Flicker in the Dark,Opening Credits,Stacy Willingham,29007
8,2026-01-05 21:52:00,A Flicker in the Dark,Epigraph,Stacy Willingham,18128
8,2026-01-05 21:56:00,A Flicker in the Dark,Prologue,Stacy Willingham,235360
8,2026-01-05 22:02:00,A Flicker in the Dark,Chapter 1,Stacy Willingham,385960
8,2026-01-05 22:12:00,A Flicker in the Dark,Chapter 2,Stacy Willingham,584006
8,2026-01-05 22:24:00,A Flicker in the Dark,Chapter 3,Stacy Willingham,711923
8,2026-01-05 22:38:00,A Flicker in the Dark,Chapter 4,Stacy Willingham,674996
8,2026-01-07 22:15:00,A Flicker in the Dark,Chapter 4,Stacy Willingham,22660
8,2026-01-07 22:15:00,The Lightning Thief,Opening Credits,Rick Riordan,9745
8,2026-01-07 22:38:00,The Lightning Thief,Chapter 1,Rick Riordan,1361007
8,2026-01-07 22:56:00,The Lightning Thief,Chapter 2,Rick Riordan,1122639
8,2026-01-07 23:21:00,The Lightning Thief,Chapter 3,Rick Riordan,1391149
9,2025-09-29 04:02:00,Legendborn,Opening Credits,Tracy Deonn,24999
9,2025-09-30 02:00:00,Legendborn,Prologue,Tracy Deonn,87127
9,2025-09-30 03:30:00,Babel,Babel,R. F. Kuang,3710
9,2025-09-30 03:30:00,Proto,Proto,Laura Spinney,1151
9,2025-09-30 03:30:00,No Longer Human. Confessions Of A Faulty Man,No Longer Human. Confessions Of A Faulty Man,Osamu Dazai,2271
9,2025-09-30 03:30:00,The 48 Laws of Power,The 48 Laws of Power,Robert Greene,2061
9,2025-09-30 03:30:00,"I Have No Mouth, and I Must Scream: A Tale of AI Horror and Despair (1 Hour Reading)","I Have No Mouth, and I Must Scream: A Tale of AI Horror and Despair (1 Hour Reading)",Harlan Ellison,5451
9,2025-09-30 03:30:00,A Short History of the World,A Short History of the World,H. G. Wells,2260
9,2025-09-30 03:30:00,Dune Messiah,Dune Messiah,Frank Herbert,641
9,2025-09-30 03:30:00,Legendborn,Prologue,Tracy Deonn,96143
9,2025-09-30 03:30:00,Blood Meridian,Blood Meridian,Cormac McCarthy,140
9,2025-09-30 03:30:00,The Odyssey,The Odyssey,Homer,160
9,2025-09-30 03:30:00,Stoicism,Stoicism,Jason Hemlock,2250
9,2025-09-30 03:30:00,The Three-Body Problem,The Three-Body Problem,Cixin Liu,2951
9,2025-09-30 03:30:00,Jane Eyre,Jane Eyre,Charlotte Brontë,6360
9,2025-09-30 03:30:00,The Four Agreements,The Four Agreements,Don Miguel Ruiz,2200
9,2025-09-30 03:30:00,"Calming Rain and Distant Thunder - Thunderstorm Nature Sounds Recording - for Meditation, Relaxation and Sleep - Nature's Perfect White Noise","Calming Rain and Distant Thunder - Thunderstorm Nature Sounds Recording - for Meditation, Relaxation and Sleep - Nature's Perfect White Noise",Dr. Laurence Goldman,4631
9,2025-09-30 03:30:00,Quantum Physics For Beginners,Quantum Physics For Beginners,Andrew Reeves,641
9,2025-09-30 03:30:00,Fahrenheit 451,Fahrenheit 451,Ray Bradbury,671
9,2025-09-30 03:30:00,The Metamorphosis,The Metamorphosis,Franz Kafka,2201
9,2025-09-30 03:31:00,Fourth Wing,Fourth Wing,Rebecca Yarros,250
9,2025-09-30 03:31:00,Fourth Wing,Fourth Wing,Rebecca Yarros,181
9,2025-09-30 03:31:00,Great Expectations,Great Expectations,Charles Dickens,1131
9,2025-09-30 03:31:00,Red Rising,Red Rising,Pierce Brown,671
9,2025-09-30 03:31:00,The Hundred Years' War on Palestine,The Hundred Years' War on Palestine,Rashid Khalidi,2931
9,2025-09-30 03:31:00,The Hundred Years' War on Palestine,The Hundred Years' War on Palestine,Rashid Khalidi,931
9,2025-09-30 03:31:00,Jane Eyre,Jane Eyre,Charlotte Brontë,111
9,2025-09-30 03:39:00,Quicksilver,Track 1,Callie Hart,17937
9,2025-09-30 03:57:00,Quicksilver,Track 2,Callie Hart,1097740
9,2025-09-30 04:35:00,Quicksilver,Track 3,Callie Hart,2283990
9,2025-09-30 05:02:00,Quicksilver,Track 4,Callie Hart,1589988
9,2025-09-30 05:32:00,Quicksilver,Track 5,Callie Hart,1794487
9,2025-10-01 02:19:00,Quicksilver,Track 6,Callie Hart,1450476
9,2025-10-01 02:20:00,Quicksilver,Track 1,Callie Hart,17937
9,2025-10-01 02:32:00,Quicksilver,Track 2,Callie Hart,717761
9,2025-10-01 02:50:00,Quicksilver,Track 3,Callie Hart,1035825
9,2025-10-01 03:11:00,Quicksilver,Track 3,Callie Hart,1250990
9,2025-10-01 12:30:00,Quicksilver,Track 4,Callie Hart,4785
9,2025-10-02 02:19:00,Quicksilver,Track 4,Callie Hart,264905
9,2025-10-06 07:54:00,Quicksilver,Track 6,Callie Hart,1323
9,2025-10-06 08:16:00,Quicksilver,Track 4,Callie Hart,1321989
9,2025-10-06 08:46:00,Quicksilver,Track 5,Callie Hart,1794488
9,2025-10-06 09:14:00,Quicksilver,Track 6,Callie Hart,1681197
9,2025-10-06 09:49:00,Quicksilver,Track 7,Callie Hart,2089824
9,2025-10-06 10:37:00,Quicksilver,Track 8,Callie Hart,2871038
9,2025-10-06 11:04:00,Quicksilver,Track 9,Callie Hart,1610337
9,2025-10-07 22:22:00,Quicksilver,Track 10,Callie Hart,478602
9,2025-11-08 04:33:00,The 48 Laws of Power,The 48 Laws of Power,Robert Greene,10320
9,2025-11-08 04:34:00,The Song of Achilles,Opening Credits,Madeline Miller,33123
9,2025-11-08 04:34:00,Babel,Babel,R. F. Kuang,1100
9,2025-11-08 04:34:00,A Court of Wings and Ruin,A Court of Wings and Ruin,Sarah J. Maas,2230
9,2025-11-08 04:34:00,Morning Star,Morning Star,Pierce Brown,660
9,2025-11-08 04:34:00,The Fellowship of the Ring,The Fellowship of the Ring,J.R.R. Tolkien,1690
9,2025-11-08 04:34:00,Whispers of the Deep,Whispers of the Deep,Emma Hamm,1794
9,2025-11-08 04:34:00,The Hobbit,The Hobbit,J.R.R. Tolkien,1290
9,2025-11-08 04:34:00,Heir of Fire,Heir of Fire,Sarah J. Maas,1960
9,2025-11-08 04:34:00,The Serpent and the Wings of Night,The Serpent and the Wings of Night,Carissa Broadbent,3000
9,2025-11-08 04:34:00,Animal Farm,Animal Farm,George Orwell,1200
9,2025-11-08 04:34:00,Dracula,Dracula,Bram Stoker,1550
9,2025-11-08 04:34:00,107 Days,107 Days,Kamala Harris,2141
9,2025-11-08 04:34:00,I'm Glad My Mom Died,I'm Glad My Mom Died,Jennette McCurdy,1140
9,2025-11-08 04:34:00,A Court of Mist and Fury,A Court of Mist and Fury,Sarah J. Maas,1160
9,2025-11-08 04:34:00,The Great Gatsby,The Great Gatsby,F. Scott Fitzgerald,2690
9,2025-11-08 04:34:00,The Poppy War,The Poppy War,R. F. Kuang,140
9,2025-11-08 04:34:00,The Silent Patient,The Silent Patient,Alex Michaelides,1720
9,2025-11-08 19:18:00,The Song of Achilles,Chapter 1,Madeline Miller,119379
9,2025-11-11 05:03:00,Throne of Glass,Throne of Glass,Sarah J. Maas,500
9,2025-11-11 05:03:00,Katabasis,Katabasis,R. F. Kuang,650
9,2025-11-11 05:03:00,Fourth Wing,Fourth Wing,Rebecca Yarros,140
9,2025-11-11 05:03:00,The Serpent and the Wings of Night,The Serpent and the Wings of Night,Carissa Broadbent,800
9,2025-11-11 05:03:00,Dracula,Dracula,Bram Stoker,2261
9,2025-11-11 05:03:00,The Ashes and the Star-Cursed King,The Ashes and the Star-Cursed King,Carissa Broadbent,3090
9,2025-11-11 05:03:00,Lights Out,Lights Out,Navessa Allen,171
9,2025-11-11 05:04:00,A Court of Wings and Ruin,A Court of Wings and Ruin,Sarah J. Maas,230
9,2025-11-11 05:04:00,The Fellowship of the Ring,The Fellowship of the Ring,J.R.R. Tolkien,7050
9,2025-11-11 05:04:00,Whispers of the Deep,Whispers of the Deep,Emma Hamm,221
9,2025-11-11 05:04:00,Whispers of the Deep,Whispers of the Deep,Emma Hamm,1221
9,2025-11-11 05:04:00,Heir of Fire,Heir of Fire,Sarah J. Maas,711
9,2025-11-11 05:04:00,A Court of Thorns and Roses,A Court of Thorns and Roses,Sarah J. Maas,3760
9,2025-11-11 05:04:00,A Court of Thorns and Roses,A Court of Thorns and Roses,Sarah J. Maas,291
9,2025-11-11 05:04:00,A Game of Thrones,A Game of Thrones,George R. R. Martin,641
9,2025-11-11 05:04:00,Fourth Wing,Fourth Wing,Rebecca Yarros,791
9,2025-11-11 05:04:00,Golden Son,Golden Son,Pierce Brown,171
9,2025-11-11 05:04:00,Gild,Gild,Raven Kennedy,761
9,2025-11-11 05:04:00,107 Days,107 Days,Kamala Harris,780
9,2025-11-11 05:04:00,Bride,Bride,Ali Hazelwood,3611
9,2025-11-11 05:04:00,Nocticadia,Nocticadia,Keri Lake,5091
9,2025-11-11 05:04:00,Nocticadia,Nocticadia,Keri Lake,4071
9,2025-11-11 05:04:00,Mate,Mate,Ali Hazelwood,13440
9,2025-11-11 05:05:00,Psycho Shifters,Psycho Shifters,Jasmine Mas,160
9,2025-11-11 05:05:00,Psycho Shifters,Psycho Shifters,Jasmine Mas,200
9,2025-11-11 05:05:00,House of Earth and Blood (1 of 2) [Dramatized Adaptation],House of Earth and Blood (1 of 2) [Dramatized Adaptation],Sarah J. Maas,671
9,2025-11-11 05:05:00,The Atlas Six,The Atlas Six,Olivie Blake,1460
9,2025-11-11 05:05:00,The Atlas Six,The Atlas Six,Olivie Blake,1411
9,2025-11-11 05:05:00,A Short History of the World,A Short History of the World,H. G. Wells,160
9,2025-11-11 05:05:00,A Short History of the World,A Short History of the World,H. G. Wells,721
9,2025-11-11 05:05:00,A Short History of the World,A Short History of the World,H. G. Wells,2281
9,2025-11-11 05:05:00,The Lightning Thief,The Lightning Thief,Rick Riordan,1161
9,2025-11-11 05:05:00,I Want to Die but I Want to Eat Tteokbokki,I Want to Die but I Want to Eat Tteokbokki,Baek Sehee,191
9,2025-11-11 05:05:00,Sapiens,Sapiens,Yuval Noah Harari,651
9,2025-11-11 05:05:00,The Alchemist,The Alchemist,Paulo Coelho,691
9,2025-11-11 05:05:00,Fearless,Fearless,Lauren Roberts,1671
9,2025-11-11 05:05:00,Fearless,Fearless,Lauren Roberts,1340
9,2025-11-11 05:05:00,The Way of Kings,The Way of Kings,Brandon Sanderson,850
9,2025-11-11 05:05:00,Nectar of the Wicked,Nectar of the Wicked,Ella Fields,661
9,2025-11-11 05:05:00,From Blood and Ash (1 of 2) [Dramatized Adaptation],From Blood and Ash (1 of 2) [Dramatized Adaptation],Jennifer L. Armentrout,2971
9,2025-11-11 05:05:00,Deep End,Deep End,Ali Hazelwood,670
9,2025-11-11 05:05:00,The Hundred Years' War on Palestine,The Hundred Years' War on Palestine,Rashid Khalidi,961
9,2025-11-11 05:05:00,The Book of Azrael,The Book of Azrael,Amber V. Nicole,7691
9,2025-11-11 05:05:00,101 Essays That Will Change The Way You Think,101 Essays That Will Change The Way You Think,Brianna Wiest,180
9,2025-11-11 05:05:00,Mistborn,Mistborn,Brandon Sanderson,211
9,2025-11-11 05:05:00,Mistborn,Mistborn,Brandon Sanderson,1440
9,2025-11-11 05:05:00,Mistborn,Mistborn,Brandon Sanderson,6401
9,2025-11-11 05:05:00,Red Rising (1 of 2) [Dramatized Adaptation],Red Rising (1 of 2) [Dramatized Adaptation],Pierce Brown,1451
9,2025-11-11 05:05:00,The Invisible Life of Addie LaRue,The Invisible Life of Addie LaRue,V. E. Schwab,150
9,2025-11-11 05:05:00,The Invisible Life of Addie LaRue,The Invisible Life of Addie LaRue,V. E. Schwab,3130
9,2025-11-11 05:05:00,The Seven Husbands of Evelyn Hugo,The Seven Husbands of Evelyn Hugo,Taylor Jenkins Reid,180
9,2025-11-11 05:05:00,Problematic Summer Romance,Problematic Summer Romance,Ali Hazelwood,160
9,2025-11-11 05:12:00,The Song of Achilles,Chapter 1,Madeline Miller,312654
9,2025-11-11 05:33:00,The Song of Achilles,Chapter 2,Madeline Miller,1262028
9,2025-11-11 05:52:00,The Song of Achilles,Chapter 3,Madeline Miller,1172584
9,2025-11-11 06:10:00,The Song of Achilles,Chapter 4,Madeline Miller,1039412
9,2025-11-11 06:32:00,The Song of Achilles,Chapter 5,Madeline Miller,1327961
9,2025-11-11 06:49:00,The Song of Achilles,Chapter 6,Madeline Miller,1025541
9,2025-11-11 07:04:00,The Song of Achilles,Chapter 7,Madeline Miller,928235
9,2025-11-11 07:31:00,The Song of Achilles,Chapter 8,Madeline Miller,1623641
9,2025-11-11 07:51:00,The Song of Achilles,Chapter 9,Madeline Miller,1180056
9,2025-11-11 12:26:00,The Song of Achilles,Chapter 10,Madeline Miller,724881
9,2025-11-11 13:18:00,The Song of Achilles,Chapter 10,Madeline Miller,9715
9,2025-11-11 13:41:00,The Song of Achilles,Chapter 10,Madeline Miller,14934
9,2025-11-15 05:12:00,The Ashes and the Star-Cursed King,The Ashes and the Star-Cursed King,Carissa Broadbent,4020
9,2025-11-15 05:12:00,The Song of Achilles,The Song of Achilles,Madeline Miller,190
9,2025-11-15 05:13:00,Mythos,Mythos,Stephen Fry,2800
9,2025-11-15 05:13:00,Bonds of Hercules,Bonds of Hercules,Jasmine Mas,781
9,2025-11-15 05:13:00,Clytemnestra,Clytemnestra,Costanza Casati,741
9,2025-11-15 05:13:00,Clytemnestra,Clytemnestra,Costanza Casati,1321
9,2025-11-15 05:13:00,Mate,Mate,Ali Hazelwood,6621
9,2025-11-15 05:16:00,Bonds of Hercules,Bonds of Hercules,Jasmine Mas,3600
9,2025-11-15 05:16:00,The Ashes and the Star-Cursed King,The Ashes and the Star-Cursed King,Carissa Broadbent,481
9,2025-11-15 05:16:00,The Song of Achilles,Chapter 5,Madeline Miller,4992
9,2025-11-15 05:35:00,The Song of Achilles,Chapter 3,Madeline Miller,1130452
9,2025-11-15 05:52:00,The Song of Achilles,Chapter 4,Madeline Miller,1039412
9,2025-11-15 06:14:00,The Song of Achilles,Chapter 5,Madeline Miller,1327961
9,2025-11-15 06:31:00,The Song of Achilles,Chapter 6,Madeline Miller,1025541
9,2025-11-15 06:47:00,The Song of Achilles,Chapter 7,Madeline Miller,928235
9,2025-11-15 07:14:00,The Song of Achilles,Chapter 8,Madeline Miller,1623641
9,2025-11-15 07:33:00,The Song of Achilles,Chapter 9,Madeline Miller,1180056
9,2025-11-15 08:03:00,The Song of Achilles,Chapter 10,Madeline Miller,1788317
9,2025-11-15 08:21:00,The Song of Achilles,Chapter 11,Madeline Miller,1074442
9,2025-11-15 18:32:00,The Song of Achilles,Chapter 12,Madeline Miller,830296
9,2025-11-19 03:57:00,Katabasis,Opening credits,R. F. Kuang,25168
9,2025-11-19 03:57:00,Katabasis,Dedication,R. F. Kuang,6340
9,2025-11-19 03:58:00,Katabasis,Author’s Note,R. F. Kuang,47337
9,2025-11-19 04:40:00,Katabasis,Chapter One,R. F. Kuang,2513578
9,2025-11-19 12:58:00,Katabasis,Author’s Note,R. F. Kuang,448
9,2025-11-19 12:58:00,Katabasis,Chapter Two,R. F. Kuang,492594
9,2025-11-19 12:58:00,Katabasis,Dedication,R. F. Kuang,384
9,2025-11-19 13:04:00,Katabasis,Chapter Four,R. F. Kuang,1387
9,2025-11-19 13:04:00,Katabasis,Chapter One,R. F. Kuang,349269
9,2025-11-23 05:38:00,Katabasis,Chapter One,R. F. Kuang,2517738
9,2025-11-23 06:15:00,Katabasis,Chapter Two,R. F. Kuang,2266059
9,2025-11-23 06:41:00,Katabasis,Chapter Three,R. F. Kuang,1549148
9,2025-11-23 07:11:00,Katabasis,Chapter Four,R. F. Kuang,1797070
9,2025-11-23 07:42:00,Katabasis,Chapter Five,R. F. Kuang,1878049
9,2025-11-23 14:29:00,Katabasis,Chapter Six,R. F. Kuang,1123921
9,2025-11-24 05:32:00,Quicksilver,Track 1,Callie Hart,17937
9,2025-11-24 05:35:00,Quicksilver,Track 2,Callie Hart,104123
9,2025-11-24 05:39:00,Unknown Book,Unknown Chapter,Unknown Author,12245
9,2025-11-24 05:39:00,Quicksilver,Track 1,Callie Hart,1941
9,2025-11-24 06:43:00,Unknown Book,Unknown Chapter,Unknown Author,3852173
9,2025-11-24 07:45:00,Unknown Book,Unknown Chapter,Unknown Author,3705208
9,2025-11-24 08:34:00,Unknown Book,Unknown Chapter,Unknown Author,2974380
9,2025-11-24 08:59:00,Unknown Book,Unknown Chapter,Unknown Author,1477016
9,2025-11-24 19:41:00,Unknown Book,Unknown Chapter,Unknown Author,1141436
9,2025-11-24 21:10:00,Unknown Book,Unknown Chapter,Unknown Author,11769
9,2025-11-26 05:54:00,Unknown Book,Unknown Chapter,Unknown Author,1451
9,2025-11-26 06:58:00,Unknown Book,Unknown Chapter,Unknown Author,3852173
9,2025-11-29 14:39:00,Unknown Book,Unknown Chapter,Unknown Author,107335
9,2025-11-29 16:23:00,Unknown Book,Unknown Chapter,Unknown Author,389056
9,2025-12-04 05:04:00,Mistborn,Chapter 0,Brandon Sanderson,2178744
9,2025-12-04 05:26:00,Mistborn,Chapter 1,Brandon Sanderson,1330652
9,2025-12-04 06:05:00,Mistborn,Chapter 2,Brandon Sanderson,2325317
9,2025-12-04 06:49:00,Mistborn,Chapter 3,Brandon Sanderson,2632465
9,2025-12-04 14:35:00,Mistborn,Chapter 4,Brandon Sanderson,574897
9,2025-12-05 05:10:00,Mistborn,Chapter 2,Brandon Sanderson,2325317
9,2025-12-06 19:17:00,Mistborn,Chapter 3,Brandon Sanderson,1566471
9,2025-12-07 05:31:00,These Violent Delights,Opening Credits,Chloe Gong,30000
9,2025-12-07 05:41:00,These Violent Delights,Prologue,Chloe Gong,590878
9,2025-12-07 06:12:00,These Violent Delights,Chapter 1,Chloe Gong,1859814
9,2025-12-07 06:25:00,These Violent Delights,Chapter 2,Chloe Gong,803971
9,2025-12-07 06:46:00,These Violent Delights,Chapter 3,Chloe Gong,1232875
9,2025-12-07 11:45:00,These Violent Delights,Chapter 4,Chloe Gong,1017946
9,2025-12-10 04:26:00,These Violent Delights,Prologue,Chloe Gong,590878
9,2025-12-10 04:57:00,These Violent Delights,Chapter 1,Chloe Gong,1859814
9,2025-12-10 05:10:00,These Violent Delights,Chapter 2,Chloe Gong,803971
9,2025-12-10 05:31:00,These Violent Delights,Chapter 3,Chloe Gong,1232875
9,2025-12-10 06:04:00,These Violent Delights,Chapter 4,Chloe Gong,1996878
9,2025-12-10 13:46:00,These Violent Delights,Chapter 5,Chloe Gong,901244
12,2025-02-09 15:12:00,The Anthropocene Reviewed,"Jerzy Dudek's Performance on May 25, 2005",John Green,751533
12,2025-02-09 15:19:00,The Anthropocene Reviewed,Penguins of Madagascar,John Green,439753
12,2025-02-09 15:30:00,The Anthropocene Reviewed,Piggly Wiggly,John Green,612179
12,2025-02-09 15:38:00,The Anthropocene Reviewed,The Nathan's Famous Hot Dog Eating Contest,John Green,499912
12,2025-02-09 15:47:00,The Anthropocene Reviewed,CNN,John Green,532953
12,2025-02-09 15:55:00,The Anthropocene Reviewed,Harvey,John Green,500311
12,2025-02-09 16:13:00,The Anthropocene Reviewed,The Yips,John Green,31615
12,2025-03-01 14:20:00,The Anthropocene Reviewed,The Yips,John Green,431917
12,2025-03-01 14:31:00,The Anthropocene Reviewed,Auld Lang Syne,John Green,673122
12,2025-03-01 14:38:00,The Anthropocene Reviewed,Googling Strangers,John Green,405641
12,2025-03-01 14:55:00,The Anthropocene Reviewed,Indianapolis,John Green,232578
12,2025-03-01 14:57:00,The Anthropocene Reviewed,Indianapolis,John Green,166825
12,2025-03-01 15:03:00,The Anthropocene Reviewed,Kentucky Bluegrass,John Green,310054
12,2025-03-01 15:18:00,The Anthropocene Reviewed,The Indianapolis 500,John Green,432009
12,2025-03-01 16:40:00,The Anthropocene Reviewed,Mortification,John Green,214781
12,2025-03-10 00:05:00,The Anthropocene Reviewed,Mortification,John Green,170100
12,2025-03-10 00:13:00,The Anthropocene Reviewed,Monopoly,John Green,477423
12,2025-03-10 00:19:00,The Anthropocene Reviewed,Super Mario Kart,John Green,353108
12,2025-03-10 00:27:00,The Anthropocene Reviewed,Bonneville Salt Flats,John Green,495513
12,2025-03-10 00:32:00,The Anthropocene Reviewed,Hroyuki Doi's Circle Drawings,John Green,314775
12,2025-03-10 00:37:00,The Anthropocene Reviewed,Whispering,John Green,258684
12,2025-03-10 00:44:00,The Anthropocene Reviewed,Viral Meningitis,John Green,451221
12,2025-03-10 00:59:00,The Anthropocene Reviewed,Plague,John Green,885021
12,2025-03-10 01:09:00,The Anthropocene Reviewed,Wintry Mix,John Green,575394
12,2025-03-10 01:18:00,The Anthropocene Reviewed,The Hot Dogs of Bæjarins Beztu Pylsur,John Green,570117
12,2025-03-10 01:25:00,The Anthropocene Reviewed,The Notes App,John Green,419084
12,2025-03-10 01:27:00,The Anthropocene Reviewed,The Mountain Goats,John Green,105836
12,2025-03-10 01:34:00,The Anthropocene Reviewed,The QWERTY Keyboard,John Green,425695
12,2025-03-10 01:41:00,The Anthropocene Reviewed,The World's Largest Ball of Paint,John Green,405474
12,2025-03-10 01:42:00,The Anthropocene Reviewed,Sycamore Trees,John Green,59698
12,2025-03-10 14:50:00,The Anthropocene Reviewed,Sycamore Trees,John Green,8312
12,2025-03-23 12:54:00,The Anthropocene Reviewed,Sycamore Trees,John Green,358815
12,2025-03-23 13:00:00,The Anthropocene Reviewed,"""New Partner""",John Green,377367
12,2025-03-23 13:08:00,The Anthropocene Reviewed,Three Farmers on Their Way to a Dance,John Green,467084
12,2025-03-23 13:15:00,The Anthropocene Reviewed,Kauaʻi ʻōʻō,John Green,389272
12,2025-03-23 13:24:00,The Anthropocene Reviewed,The Smallpox Vaccine,John Green,575130
12,2025-03-23 13:41:00,The Anthropocene Reviewed,The Orbital Sunrise,John Green,628252
12,2025-03-23 13:57:00,The Anthropocene Reviewed,The Ginko Tree,John Green,741084
12,2025-03-23 14:02:00,The Anthropocene Reviewed,Ending Credits,John Green,26095
12,2025-03-23 14:02:00,The Anthropocene Reviewed,Postscript,John Green,253288
12,2025-04-27 20:24:00,Jesus and John Wayne,Introduction,Kristin Kobes du Mez,1152240
12,2025-04-27 20:46:00,Jesus and John Wayne,Chapter 1,Kristin Kobes du Mez,1341571
12,2025-04-27 23:27:00,Jesus and John Wayne,Chapter 2,Kristin Kobes du Mez,263766
12,2025-07-23 13:53:00,Cobalt Red,Opening Credits,Siddharth Kara,13125
12,2025-07-23 13:56:00,Cobalt Red,Author's Note,Siddharth Kara,138384
12,2025-07-23 13:56:00,Cobalt Red,Epigraph,Siddharth Kara,9135
12,2025-07-23 14:29:00,Cobalt Red,Introduction,Siddharth Kara,1525167
12,2025-07-23 15:05:00,Cobalt Red,Chapter 1,Siddharth Kara,2183342
12,2025-07-23 16:01:00,Cobalt Red,Chapter 2,Siddharth Kara,3031392
12,2025-07-23 18:06:00,Cobalt Red,Chapter 2,Siddharth Kara,1735624
12,2025-07-23 18:28:00,Cobalt Red,Chapter 3,Siddharth Kara,674014
12,2025-07-24 12:22:00,Cobalt Red,Chapter 3,Siddharth Kara,2031165
12,2025-07-24 14:17:00,Cobalt Red,Chapter 3,Siddharth Kara,513416
12,2025-07-24 22:16:00,Cobalt Red,Chapter 3,Siddharth Kara,941514
12,2025-07-24 22:48:00,Cobalt Red,Chapter 4,Siddharth Kara,1905335
12,2025-07-24 23:01:00,Cobalt Red,Chapter 5,Siddharth Kara,780255
12,2025-07-26 16:24:00,Cobalt Red,Chapter 5,Siddharth Kara,1695
12,2025-07-26 16:24:00,Cobalt Red,Epigraph,Siddharth Kara,7830
12,2025-07-26 16:24:00,Cobalt Red,Introduction,Siddharth Kara,11384
12,2025-07-26 17:06:00,Cobalt Red,Chapter 6,Siddharth Kara,580
12,2025-07-26 17:06:00,Cobalt Red,Chapter 5,Siddharth Kara,2528235
12,2025-07-26 17:13:00,Cobalt Red,Chapter 5,Siddharth Kara,147772
12,2025-07-28 14:14:00,Cobalt Red,Chapter 5,Siddharth Kara,844409
12,2025-07-28 15:07:00,Cobalt Red,Chapter 6,Siddharth Kara,594635
12,2025-07-28 16:54:00,Cobalt Red,Chapter 6,Siddharth Kara,5586326
12,2025-07-28 17:25:00,Cobalt Red,Chapter 6,Siddharth Kara,166046
12,2025-07-28 19:25:00,Cobalt Red,Chapter 6,Siddharth Kara,552820
12,2025-07-28 20:06:00,Cobalt Red,Chapter 6,Siddharth Kara,2114224
12,2025-07-28 20:18:00,Cobalt Red,Chapter 7,Siddharth Kara,770599
12,2025-07-28 20:36:00,Cobalt Red,Ending Credits,Siddharth Kara,24015
12,2025-07-28 20:36:00,Cobalt Red,Epilogue,Siddharth Kara,1038690
12,2025-07-30 00:12:00,Babel,Babel,R. F. Kuang,0
12,2025-07-30 00:12:00,The Wretched of the Earth,The Wretched of the Earth,Frantz Fanon,0
12,2025-07-30 00:12:00,How to Blow Up a Pipeline,How to Blow Up a Pipeline,Andreas Malm,0
12,2025-07-30 00:12:00,How to Blow Up a Pipeline,How to Blow Up a Pipeline,Andreas Malm,1820
12,2025-07-30 00:12:00,Men Who Hate Women,Men Who Hate Women,Laura Bates,0
12,2025-07-30 00:12:00,Men Who Hate Women,Men Who Hate Women,Laura Bates,40
12,2025-07-30 00:12:00,Are Prisons Obsolete?,Are Prisons Obsolete?,Angela Y. Davis,1930
12,2025-07-30 00:12:00,Mickey7,Mickey7,Edward Ashton,660
12,2025-07-30 00:12:00,The Buffalo Hunter Hunter,The Buffalo Hunter Hunter,Stephen Graham Jones,0
12,2025-07-30 00:12:00,The Great Gatsby,The Great Gatsby,F. Scott Fitzgerald,0
12,2025-07-30 00:13:00,The Hobbit,The Hobbit,J.R.R. Tolkien,0
12,2025-07-30 00:13:00,On Palestine,On Palestine,"Noam Chomsky, Ilan Pappe",0
12,2025-07-30 00:13:00,The Third Reich,The Third Reich,Thomas Childers,0
12,2025-07-30 00:13:00,Demon Copperhead,Demon Copperhead,Barbara Kingsolver,0
12,2025-07-30 00:13:00,King Leopold's Ghost,King Leopold's Ghost,Adam Hochschild,0
12,2025-07-30 00:13:00,Mistborn,Mistborn,Brandon Sanderson,0
12,2025-07-30 00:13:00,"Fevers, Feuds, and Diamonds","Fevers, Feuds, and Diamonds",Paul Farmer,0
12,2025-07-30 00:13:00,The Israel Lobby and U.S. Foreign Policy,The Israel Lobby and U.S. Foreign Policy,"John J. Mearsheimer, Stephen M. Walt",0
12,2025-07-30 00:14:00,The 48 Laws of Power,The 48 Laws of Power,Robert Greene,1360
12,2025-07-30 00:14:00,The New Jim Crow,The New Jim Crow,Michelle Alexander,170
12,2025-07-30 00:14:00,The Immortal Life of Henrietta Lacks,The Immortal Life of Henrietta Lacks,Rebecca Skloot,0
12,2025-07-30 00:14:00,Being Mortal,Being Mortal,Atul Gawande,400
12,2025-07-30 00:14:00,Doppelganger,Doppelganger,Naomi Klein,930
12,2025-07-30 00:14:00,Night,Night,Elie Wiesel,800
12,2025-07-30 00:14:00,I Who Have Never Known Men,I Who Have Never Known Men,Jacqueline Harpman,230
12,2025-07-30 00:14:00,Iron Flame,Iron Flame,Rebecca Yarros,0
12,2025-07-30 00:14:00,The Faithful Executioner,The Faithful Executioner,Joel F. Harrington,130
12,2025-07-30 00:14:00,The Dawn of Everything,The Dawn of Everything,"David Graeber, David Wengrow",0
12,2025-07-30 00:14:00,How to Hide an Empire,How to Hide an Empire,Daniel Immerwahr,2490
12,2025-07-30 00:17:00,The Containment,Opening Credits,Michelle Adams,39639
12,2025-07-30 00:17:00,The Containment,Dedication,Michelle Adams,3303
12,2025-07-30 00:17:00,The Containment,Epigraphs,Michelle Adams,18105
12,2025-07-30 00:21:00,The Containment,Cast of Characters in Order of Appearance,Michelle Adams,221860
12,2025-07-30 11:44:00,The Containment,Prologue,Michelle Adams,912442
12,2025-07-30 14:24:00,The Containment,Part I: Soul Force,Michelle Adams,3971
12,2025-07-30 14:24:00,The Containment,Prologue,Michelle Adams,329181
12,2025-07-30 14:43:00,The Containment,Chapter 1: Clash in Midtown,Michelle Adams,1139251
12,2025-07-30 14:59:00,The Containment,"Chapter 2: Sympathy, Knowledge, and the Truth",Michelle Adams,582432
12,2025-07-30 23:30:00,The Containment,"Chapter 2: Sympathy, Knowledge, and the Truth",Michelle Adams,846937
12,2025-07-31 02:28:00,The Containment,Chapter 3: Slay the Dragon,Michelle Adams,564359
12,2025-08-01 02:55:00,The Containment,Chapter 3: Slay the Dragon,Michelle Adams,1043016
12,2025-08-02 18:50:00,The Containment,"Chapter 2: Sympathy, Knowledge, and the Truth",Michelle Adams,325
12,2025-08-02 18:53:00,The Containment,Chapter 3: Slay the Dragon,Michelle Adams,223994
12,2025-08-02 19:21:00,The Containment,Chapter 4: The Housing-Schools Nexus,Michelle Adams,1587934
12,2025-08-02 19:53:00,The Containment,Chapter 5: Soul Force,Michelle Adams,142215
12,2025-08-02 21:32:00,The Containment,Chapter 5: Soul Force,Michelle Adams,15301
12,2025-08-02 21:32:00,The Containment,Chapter 24: “True Integration”,Michelle Adams,3459
12,2025-08-02 21:55:00,The Containment,Chapter 5: Soul Force,Michelle Adams,1372916
12,2025-08-03 13:54:00,The Containment,Chapter 6: Democracy’s Finest Hour,Michelle Adams,128736
12,2025-08-17 23:54:00,The Containment,Chapter 6: Democracy’s Finest Hour,Michelle Adams,1195410
12,2025-08-19 22:05:00,The Containment,Chapter 6: Democracy’s Finest Hour,Michelle Adams,42594
12,2025-08-19 22:26:00,The Containment,Chapter 7: Money Is Power and It Works,Michelle Adams,1218321
12,2025-08-19 22:37:00,The Containment,Part II: The Containment,Michelle Adams,3721
12,2025-08-19 22:37:00,The Containment,Chapter 8: Right Thing to Lose,Michelle Adams,659954
12,2025-08-19 23:00:00,The Containment,Chapter 9: Up for Grabs,Michelle Adams,1382995
12,2025-08-20 13:06:00,The Containment,Chapter 10: Taking On Northern Jim Crow,Michelle Adams,214564
12,2025-08-21 21:25:00,The Containment,Chapter 10: Taking On Northern Jim Crow,Michelle Adams,1223444
12,2025-08-21 23:47:00,The Containment,Chapter 11: Another Brick in the Wall,Michelle Adams,980301
12,2025-08-22 16:53:00,The Containment,Chapter 11: Another Brick in the Wall,Michelle Adams,1176642
12,2025-08-22 16:55:00,The Containment,"Chapter 12: Garbage In, Garbage Out",Michelle Adams,122455
12,2025-08-24 20:11:00,The Containment,"Chapter 12: Garbage In, Garbage Out",Michelle Adams,695808
12,2025-09-04 22:51:00,The Containment,"Chapter 12: Garbage In, Garbage Out",Michelle Adams,0
12,2025-09-04 23:06:00,The Containment,"Chapter 12: Garbage In, Garbage Out",Michelle Adams,827842
12,2025-09-04 23:29:00,The Containment,Chapter 13: Ten Buses,Michelle Adams,1382664
12,2025-09-04 23:31:00,The Containment,Chapter 14: Accident of Geography,Michelle Adams,122587
12,2025-09-20 15:02:00,The Containment,Chapter 14: Accident of Geography,Michelle Adams,1626882
12,2025-10-19 14:09:00,The Containment,Chapter 14: Accident of Geography,Michelle Adams,523196
12,2025-10-19 15:03:00,The Containment,Chapter 15: Something We Comfortably Tell Ourselves,Michelle Adams,752414
12,2025-11-18 06:33:00,Brown Noise for Better Sleep,Brown Noise - Campfire Comfort,The Brown Noise Studios,9780942
12,2025-11-18 12:45:00,Brown Noise for Better Sleep,Brown Noise - Reset Your Brain for Sleep,The Brown Noise Studios,0
12,2025-11-21 18:35:00,The Containment,Chapter 15: Something We Comfortably Tell Ourselves,Michelle Adams,1193784
12,2025-11-21 18:57:00,The Containment,Chapter 16: Going for Metro,Michelle Adams,1277509
12,2025-11-21 18:57:00,The Containment,Part III: Milliken v. Bradley,Michelle Adams,3501
12,2025-11-21 19:22:00,The Containment,Chapter 17: Now More Than Ever,Michelle Adams,1036826
12,2025-11-21 19:27:00,The Containment,Chapter 17: Now More Than Ever,Michelle Adams,305051
12,2025-11-21 19:48:00,The Containment,Chapter 18: Farewell to the Warren Court,Michelle Adams,546738
12,2025-11-21 20:06:00,The Containment,Chapter 18: Farewell to the Warren Court,Michelle Adams,1045971
12,2025-11-21 21:53:00,The Containment,Chapter 19: A Ticking Clock,Michelle Adams,178451
12,2025-12-12 21:41:00,The Containment,Chapter 19: A Ticking Clock,Michelle Adams,641063
12,2025-12-12 21:47:00,The Containment,Chapter 20: Milliken v. Bradley,Michelle Adams,363211
12,2025-12-12 21:55:00,The Containment,Chapter 20: Milliken v. Bradley,Michelle Adams,494056
12,2025-12-12 22:17:00,The Containment,Chapter 21: The Story,Michelle Adams,1319561
12,2025-12-12 22:32:00,The Containment,Chapter 22: Fences,Michelle Adams,919402
12,2025-12-12 22:40:00,The Containment,Chapter 23: The Consequences,Michelle Adams,252706
12,2025-12-15 03:17:00,The Containment,Chapter 23: The Consequences,Michelle Adams,1050949
12,2025-12-15 03:37:00,The Containment,Chapter 24: “True Integration”,Michelle Adams,1155896
12,2025-12-15 03:55:00,The Containment,Epilogue,Michelle Adams,1110102
12,2025-12-15 03:56:00,The Containment,End Credits,Michelle Adams,59503
12,2025-12-15 03:58:00,Everything I Know About Love,Chapter 7,Dolly Alderton,36989
12,2025-12-15 14:53:00,How to Hold a Cockroach,How to Hold a Cockroach,Matthew Maxwell,4380
12,2025-12-15 14:53:00,How to Hold a Cockroach,How to Hold a Cockroach,Matthew Maxwell,0
12,2025-12-15 14:53:00,How to Hold a Cockroach,How to Hold a Cockroach,Matthew Maxwell,520
12,2025-12-15 14:53:00,Everything Is Tuberculosis,Everything Is Tuberculosis,John Green,580
12,2025-12-15 14:53:00,101 Essays That Will Change The Way You Think,101 Essays That Will Change The Way You Think,Brianna Wiest,2320
12,2025-12-15 14:53:00,The Art of Frugal Hedonism,The Art of Frugal Hedonism,"Annie Raser-Rowland, Adam Grubb",2900
12,2025-12-15 14:53:00,"Autocracy, Inc.","Autocracy, Inc.",Anne Applebaum,3440
12,2025-12-15 14:53:00,"Autocracy, Inc.","Autocracy, Inc.",Anne Applebaum,3380
12,2025-12-15 14:57:00,Mountains Beyond Mountains,Mountains Beyond Mountains,Tracy Kidder,1680
12,2025-12-15 14:57:00,Being Jewish After the Destruction of Gaza,Being Jewish After the Destruction of Gaza,Peter Beinart,2420
12,2025-12-15 14:57:00,Careless People,Careless People,Sarah Wynn-Williams,790
12,2025-12-15 15:14:00,Crying in H Mart,Chapter 8: Unni,Michelle Zauner,1019486
12,2025-12-15 15:26:00,Crying in H Mart,Chapter 9: Where Are We Going?,Michelle Zauner,687161
12,2025-12-15 15:37:00,Crying in H Mart,Chapter 10: Living and Dying,Michelle Zauner,662955
12,2025-12-15 15:52:00,Crying in H Mart,Chapter 11: What Procellous Awesomeness Does Not in You Abound?,Michelle Zauner,936944
12,2025-12-15 15:56:00,Crying in H Mart,Chapter 12: Law and Order,Michelle Zauner,220576
12,2025-12-15 16:03:00,Crying in H Mart,Chapter 13: A Heavy Hand,Michelle Zauner,410689
12,2025-12-23 18:21:00,Crying in H Mart,Chapter 13: A Heavy Hand,Michelle Zauner,135287
12,2025-12-23 18:33:00,Crying in H Mart,Chapter 14: Lovely,Michelle Zauner,751641
12,2025-12-23 18:46:00,Crying in H Mart,Chapter 15: My Heart Will Go On,Michelle Zauner,775417
12,2025-12-23 19:04:00,Crying in H Mart,Chapter 16: Jatjuk,Michelle Zauner,623563
12,2025-12-23 19:56:00,Crying in H Mart,Chapter 17: Little Axe,Michelle Zauner,509586
12,2025-12-23 20:31:00,Crying in H Mart,Chapter 17: Little Axe,Michelle Zauner,87029
12,2025-12-23 20:38:00,Crying in H Mart,Chapter 17: Little Axe,Michelle Zauner,404381
12,2025-12-23 21:01:00,Crying in H Mart,Chapter 18: Maangchi and Me,Michelle Zauner,657701
12,2025-12-23 21:12:00,Crying in H Mart,Chapter 19: Kimchi Fridge,Michelle Zauner,680718
12,2025-12-23 21:25:00,Crying in H Mart,Chapter 20: Coffee Hanjan,Michelle Zauner,726926
12,2025-12-23 21:26:00,Crying in H Mart,Acknowledgments,Michelle Zauner,82630
12,2025-12-23 22:11:00,Crying in H Mart,Ending Credits,Michelle Zauner,4588
12,2025-12-29 18:29:00,The Nightingale,The Nightingale,Kristin Hannah,30
12,2025-12-29 18:29:00,Remarkably Bright Creatures,Remarkably Bright Creatures,Shelby Van Pelt,510
12,2025-12-29 18:29:00,I Who Have Never Known Men,I Who Have Never Known Men,Jacqueline Harpman,80
12,2025-12-29 18:29:00,107 Days,107 Days,Kamala Harris,1150
12,2025-12-29 18:29:00,The Housemaid,The Housemaid,Freida McFadden,1440
12,2025-12-29 18:29:00,Everything Is Tuberculosis,Everything Is Tuberculosis,John Green,1020
12,2025-12-29 18:29:00,Careless People,Careless People,Sarah Wynn-Williams,6530
12,2026-01-27 15:34:00,Sociopath,Track 1,Ph.D. Patric Gagne,29106
12,2026-01-27 15:34:00,Sociopath,Track 2,Ph.D. Patric Gagne,20542
12,2026-01-27 15:38:00,Know My Name,Dedication,Chanel Miller,3782
12,2026-01-27 15:38:00,Know My Name,Opening Credits,Chanel Miller,7052
12,2026-01-27 15:38:00,Sociopath,Track 3,Ph.D. Patric Gagne,246482
12,2026-01-27 15:41:00,Know My Name,Introduction,Chanel Miller,151025
12,2026-01-27 15:42:00,Know My Name,Epigraph,Chanel Miller,22531
12,2026-01-27 16:21:00,Know My Name,Chapter 1,Chanel Miller,2306720
12,2026-01-27 16:56:00,Know My Name,Chapter 2,Chanel Miller,2096722
12,2026-01-27 16:58:00,Know My Name,Chapter 3,Chanel Miller,90092
12,2026-01-28 23:02:00,Know My Name,Chapter 3,Chanel Miller,1739770
12,2026-01-29 00:21:00,Know My Name,Chapter 4,Chanel Miller,1024043
