personID,"shows_name","shows_publisher","shows_id"
1,"Is our children learning? A political podcast.","Helen acker","7fRNcui3AWpP1kTy0SJBka"
1,"The Knight Shift Radio","The Knight Shift Radio","57FgNcCKN6NPgpdVRF3Y3a"
1,"The Round Table: A YVote Podcast","YVote","1dN2Mg15AoHbVjFwKvEVlW"
10,"CREATIVO","Roberto Mtz","5Wik1DfA7kLiqRP9wNwFap"
10,"PodCavs","WUVA","4dn4rUbQOZjPyMCVjzPF4R"
10,"Telemundo Noticias","Telemundo Network Group","2QooXko7Z8EbZ6q0sD1Qj3"
2,"Duolingo French Podcast","Duolingo","2Mu5dTlsG1vRE25twu1P2l"
2,"Friends That Invest","Friends That Invest","4jWkbLYqVv93FjLkAcvZ1y"
2,"NPR News Now","NPR","6BRSvIBNQnB68GuoXJRCnQ"
2,"mystrbl","mystrbl","0AdcX14AmbcMXBrDJVnyxp"
2,"the zurkie show","the zurkie show","6jUQ7dBtI2LHusmfr2uhzc"
3,"36 Questions – The Podcast Musical","Two-Up","0E7Js81KkQ0CWzfROJh04n"
3,"And That's Why We Drink","Christine Schiefer, Em Schulz | Para Pods","3JWnH3U4VPJI6DlB0YsiKm"
3,"Autism in the Adult","Theresa M Regan, Ph.D.","2POoTBvzgPr0yIkU7dmw2m"
3,"BLACK HANDS - A family mass murder","Stuff Audio","3jgt4218rVMRh9OcIRu8qd"
3,"Binchtopia","Julia Hava & Eliza McLamb","5Uu04mHwFS9NeCeZ6v0r5U"
3,"Carrier","QCODE","0hxc4GGGWld55Jd6ArWT5k"
3,"Dissect","Spotify Studios","2b025hq3gJ17tQdxS3aV43"
3,"Getting Better with Jonathan Van Ness","Sony Music Entertainment / Jonathan Van Ness","0wK8MPt9f2z2R4HustgqHh"
3,"History in the Bible","Garry Stevens","4muq4z72yzdsC1b1HWWOEa"
3,"Joshua Bassett Unreleased Songs","Lucinda Santisi","2tr1uVVRRuBSCGImoM4cvY"
3,"Joshua Bassett Unreleased Songs","Lucinda Santisi","390t5idJg4albIvbnucTRj"
3,"Let's Talk About Myths, Baby! | Greek Mythology & the Ancient Mediterranean","Liv Albert ","6S9jAhlyZtr5dj2tqYXeJ6"
3,"Life Kit","NPR","5J0xAfsLX7bEYzGxOin4Sd"
3,"Modern Love","The New York Times","03Er7mSPq9IEewOgbPD3vO"
3,"My Favorite Murder with Karen Kilgariff and Georgia Hardstark","Exactly Right and iHeartPodcasts","0U9S5J2ltMaKdxIfLuEjzE"
3,"Normal Gossip","Normal Gossip","0KVZ16mLZ1bbNlnKemYTzm"
3,"SayHeyHappiness","Nika Erculj","71Unt3gyLXL04A6jmrO1g1"
3,"Smart Funny & Black Productions","Amanda Seales","2YXZqgzD27c9ijd2stGagX"
3,"Tara Brach","Tara Brach","37McjD0j2cdu4GExcFQgm0"
3,"The Complete Guide to Everything","The Complete Guide to Everything","16eEqistDfAqB9WgXVtFe1"
3,"The Magnus Archives","Rusty Quill","5pwBAjuJJAOt7cED5Lkjnk"
3,"Three Rules","Matt D'Avella","6vesMIAKe4rv2MpvTvkWPg"
3,"UnF*ck Your Brain: Feminist Self-Help for Everyone","Kara Loewentheil","3Zq2XDpVrtadTR1xOfzhzo"
3,"You're Wrong About","Sarah Marshall","1RefFgQB4Lrl7qczcTWA3o"
3,"anything goes with emma chamberlain","emma chamberlain","5VzFvh1JlEhBMS6ZHZ8CNO"
5,"The View From The Lane: The Athletic FC's Spurs show","The Athletic","5mMliBUvPz2gH8laBGyjfS"
5,"Up First from NPR","NPR","2mTUnDkuKUkhiueKcVWoP0"
6,"Everything Energy","International Energy Agency (IEA)","0vO151tF787AJKATkt4LCJ"
6,"Run Your Mouth","CITIUS MAG","3HvoQPFYDfivcWgQiTtmWF"
6,"Sit & Kick","SitandKick","2vFsJ79lbgIFqrCvo2l8uu"
6,"Sports Science & Recovery Podcast","Justin Roethlingshoefer","58SGHD9orqvAEWMfEjRlxg"
6,"The Daily Bible","Parcast","7oH1rp6cnSRvqSWiJ8lCSX"
6,"The Running for Real Podcast","Tina Muir","3W0HMvNKA3lVGzjxhrNR2L"
6,"The Wall Street Skinny","Kristen and Jen","3mODIcz5vAoWeV2pZAXQIZ"
7,"Cast Party: A Dungeons & Dragons Podcast","Pickaxe","02248SXibqsy6eYJomOlku"
7,"Distractible","Distractible","2X40qLyoj1wQ2qE5FVpA7x"
7,"Not Another D&D Podcast","Headgum","5GcTIDkgnB9wP6CmUyOSqa"
7,"World’s Wildest: Tales of Earth’s Most Extreme Creatures","Maya Higa & Connor O'Brien","2CigfNaWODJ1oiqTu26Af1"
8,"CreepCast","Wendigoon & MeatCanyon","5Pjt7qlcii0gLqvccowYhs"
8,"Crime Junkie","Audiochuck","3DgfoleqaW61T2amZQKINx"
8,"Funhaus Podcast","Rooster Teeth","5hlkGZ9YhdqPHaxDDOFXOU"
8,"Horrorspiria","Horrorspiria","6ydpDGKJ0hS4gBgTaBh8ut"
8,"In Our Time","BBC Radio 4","17YfG23eMbfLBaDPqucgzZ"
8,"Snipercast","Trast &amp; Curlz","17K1PZPPs54lrJMKMnIr6V"
8,"anything goes with emma chamberlain","emma chamberlain","5VzFvh1JlEhBMS6ZHZ8CNO"
11,"Business Breakdowns","Colossus | Investing & Business Podcasts","417NPBWqtMbDU0FlWZTRDC"
11,"Dua Lipa: At Your Service","BBC Sounds","5FmvJeZbaveegz43O3cFKp"
11,"Odd Lots","Bloomberg","1te7oSFyRVekxMBJUSethH"
11,"The Daily","The New York Times","3IM0lmZxpFAY7CwMuv9H4g"
11,"Up First from NPR","NPR","2mTUnDkuKUkhiueKcVWoP0"
11,"𝗠𝘆 𝘄𝗶𝘀𝗵𝗹𝗶𝘀𝘁","Minnie 🖤","692ExUxZhhOZy47Q6EQkFl"
14,"Emergency Intercom","iHeartPodcasts","1tJAW2g51fSzs4Ny8AtgJk"
14,"Murder, Mystery & Makeup","Audioboom Studios","615iXBRDJi3MVoO4cC7Fmq"
14,"We Said What We Said with Rickey and Denzel","Spotify Studios","3TY4pXn8BgFa3Lfdt7b1pJ"
15,"Armchair Expert with Dax Shepard","Armchair Umbrella","6kAsbP8pxwaU2kPibKTuHE"
15,"Bloomberg Businessweek","Bloomberg","3vsjc6wwrjCenpnMJdLLSC"
15,"ChooseFI | Financial Independence Podcast","ChooseFI","2NIvOEIbBObyodPmW1EVD1"
15,"Huberman Lab","Scicomm Media","79CkJF3UJTHFV8Dse3Oy0P"
15,"THEMOVE","Lance Armstrong","7lBawO6ay88hB7WpO0Z0fn"
15,"Two Deep | The Longest-Running Hokies Podcast","Pete B. & Sam Jessee | Sons of Saturday","3xfDl9yUbyj4rl23h3xHYX"
