personID,"artists_name","artists_id"
1,"Alessia Cara","2wUjUUtkb5lvLKcGKsKqsR"
1,"Amythyst Kiah","1lhaaKpTyXOnjp79M3xYBl"
1,"Ariana Grande","66CXWjxzNUsdJxJ2JdwvnR"
1,"Beyoncé","6vWDO969PvNqNYHIOW5v0m"
1,"Chappell Roan","7GlBOeep6PqTfFi59PTUUN"
1,"Ektaal A Cappella","4hzxV5MRlU9qRARmCe04mC"
1,"Elizabeth Gerardi","01VYmP8UHNPe52WfMgsb4n"
1,"Harli & The House of Jupiter","67zwdiYWUiasZ51poMyqHP"
1,"Lizzo","56oDRnqbIiwx4mymNEv7dS"
1,"Lyn Lapid","4pfy05cNNTacuOQ6SiSu4v"
1,"Paravi","3hu0zovv9ZERrUy09lIsTH"
1,"jenny nuo","6gvfMsa2f3hXTmsewfTyhz"
1,"mxmtoon","0HthCchcL0kVLHTr113Vk1"
10,"Malcom Rojas","0kcpzFA1agB2sA06rHcvIh"
10,"Mishaal Tamer","2NM1t8dMvgeu9Lfl06574g"
10,"The Chainsmokers","69GGBxA162lTqCwzJG5jLp"
10,"The Kid LAROI","2tIP7SsRs7vjIcLrU85W8J"
2,"A$AP Rocky","13ubrt8QOOCPljQ2FL1Kca"
2,"Mokyo","1kRGgLBLwdQ16TxyfN1YgP"
2,"minj","5kXmzUQtWcPxNuf8mUHIgD"
3,"Conan Gray","4Uc8Dsxct0oMqx0P6i60ea"
3,"dodie","21TinSsF5ytwsfdyz5VSVS"
5,"Caamp","0wyMPXGfOuQzNR54ujR9Ix"
5,"Chappell Roan","7GlBOeep6PqTfFi59PTUUN"
5,"Daft Punk","4tZwfgrHOc3mvqYlEYSvVi"
5,"Goth Babe","7o96HO2zrujyATtVsqGhh3"
5,"Laufey","7gW0r5CkdEUMm42w9XpyZO"
5,"Paolo Nutini","7x5rK9BClDQ8wmCkYAGsQp"
5,"Ray LaMontagne","6DoH7ywD5BcQvjloe9OcIj"
5,"Ye Vagabonds","34Or4SetJBRvrlE8AO1qDO"
6,"21 Savage","1URnnhqYAYcrqrcwql10ft"
6,"2Pac","1ZwdS5xdxEREPySFridCfh"
6,"ANALOG 02","63SnOCIoPySI5QNZv6pMm4"
6,"Aaron Raitiere","3Gbx4tL0G9U5j233fXABXw"
6,"Ajayz Kesbhat","3XFyn8ue8AScghvckCu30S"
6,"Axel Jay","52mjWPBTKQzuLAQG0wsuqz"
6,"B.o.B","5ndkK3dpZLKtBklKjxNQwT"
6,"Bakar","3K2Srho6NCF3o9MswGR76H"
6,"Bee Gees","1LZEQNv7sE11VDY3SdxQeN"
6,"Bella White","7Bk7ojRJfkv48w69JNF66V"
6,"Benjamin Dakota Rogers","255w1O3tp19jnUZPI6cMVL"
6,"BigXthaPlug","6qxpnaukVayrQn6ViNvu9I"
6,"Billy Squier","3Fz2GbraVXhcpXnoi2Oe1r"
6,"Billy Strings","1ZN1c1qWEGZNX1pGeKCPpf"
6,"Blxst","4qXC0i02bSFstECuXP2ZpL"
6,"Brand New","168dgYui7ExaU612eooDF1"
6,"Cale Tyson","0BU835xMjZ04GXuJSxBrJy"
6,"Caleborate","7bpDJUH5hnffIYHID6h3Et"
6,"Calvin Harris","7CajNmpbOovFoOoasH2HaY"
6,"Cameron Sacky Band","7cuhHElVWaF67zEb1cGIG0"
6,"Chance the Rapper","1anyVhU62p31KFi8MEzkbf"
6,"Charles Wesley Godwin","2ErsJAz6qJ5cqjoVAvfvaC"
6,"Chris Stapleton","4YLtscXsxbVgi031ovDDdh"
6,"Cigarettes After Sex","1QAJqy2dA3ihHBFIHRphZj"
6,"Colter Wall","3xYXYzm9H3RzyQgBrYwIcx"
6,"Cozz","5oFkj1qSlyBUmV5d6Edgtq"
6,"Cream","74oJ4qxwOZvX6oSsu1DGnw"
6,"Daniel Caesar","20wkVLutqVOYrc0kxFs7rA"
6,"Dave B.","5bfqwcEcRrMhtY9smw3IeJ"
6,"Don Louis","5LICWu7uFLkdJVcEiTnRBX"
6,"Don Toliver","4Gso3d4CscCijv0lmajZWs"
6,"Drake","3TVXtAsR1Inumwj472S9r4"
6,"Eminem","7dGJo4pcD2V6oG8kP0tJRR"
6,"Evie Ladin","6sTZhHbZkS4PiHlE2StJkc"
6,"Evie Ladin Band","1iLSCtfJXy3IVYzeAkJXDJ"
6,"Fleetwood Mac","08GQAI4eElDnROBrJRGE0X"
6,"Florida Georgia Line","3b8QkneNDz4JHKKKlLgYZg"
6,"Frank Ocean","2h93pZq0e7k5yf4dywlkpM"
6,"GIVĒON","4fxd5Ee7UefO4CUXgwJ7IP"
6,"George Strait","5vngPClqofybhPERIqQMYd"
6,"Hank Weaver","6W6TWkaA3hr7K7NGgM4yGh"
6,"Horseshoes & Hand Grenades","4nl7okSNAZuu9DWr9jkzSs"
6,"Iron Maiden","6mdiAmATAx73kdxrNrnlao"
6,"J.R. Carroll","3KULmzjXBD6uu50to1WXRm"
6,"JAY-Z","3nFkdlSjzX9mRTtwJOzDYB"
6,"Jack Black","0qpMYTgbXRi1ZcX6vend3T"
6,"Jack Harlow","2LIk90788K0zvyj2JJVwkJ"
6,"Jackson Browne","5lkiCO9UQ8B23dZ1o0UV4m"
6,"Jeremy Zucker","3gIRvgZssIb9aiirIg0nI3"
6,"Jimi Hendrix","776Uo845nYHJpNaStv1Ds4"
6,"John Moreland","5MPWTD6J1H9XqYEOb4QkdH"
6,"Johnny Cash","6kACVPfCOnqzgfEF5ryl0x"
6,"Josiah Taylor","5Wk8htJ1dHaC8nnzpIO4bi"
6,"Kanye West","5K4W6rqBFWDnAN6FQUkS6x"
6,"Kendrick Lamar","2YZyLoL8N0Wb9xBt1NhZWg"
6,"Koe Wetzel","1Tie3AZgLQZqYEp8Fv4zOZ"
6,"Kota the Friend","2AfU5LYBVCiCtuCCfM7uVX"
6,"LORD$OFDOGTOWN","3MR1RYx6wS8n93uSVpYoQ5"
6,"Lana Del Rey","00FQb4jTyendYWaN8pK0wa"
6,"Led Zeppelin","36QJpDe2go2KgaRleHCDTp"
6,"Lil Wayne","55Aa2cqylxrFIXC767Z865"
6,"Lou Rawls","1zJBFCev9UwOMcrZsLi2od"
6,"Lute","75WcpJKWXBV3o3cfluWapK"
6,"Lynyrd Skynyrd","4MVyzYMgTwdP7Z49wAZHx0"
6,"Mac Miller","4LLpKhyESsyAXpc4laK94U"
6,"Marcus King","0FeWKiZSwBRdGzqeCdlH1a"
6,"Muscadine Bloodline","0EyZDKtc41e4A3a3v69MxD"
6,"My Morning Jacket","43O3c6wewpzPKwVaGEEtBM"
6,"Mötley Crüe","0cc6vw3VN8YlIcvr1v7tBL"
6,"Nate Ruess","1qUjOF5fzrpoNycD36b2jZ"
6,"Nina Simone","7G1GBhoKtEPnP86X2PvEYO"
6,"Nirvana","6olE6TJLqED3rqDCT0FyPh"
6,"Oliver Anthony Music","6IkfE2JyVoKwBZXvuytKX3"
6,"Ozzy Osbourne","6ZLTlhejhndI4Rh53vYhrY"
6,"Paul Di'Anno","6SKy1FCU5PskoE5Ode2y3Y"
6,"Pearl Jam","1w5Kfo2jwwIPruYS2UWh56"
6,"Ravyn Lenae","5RTLRtXjbXI2lSXc6jxlAz"
6,"Red Hot Chili Peppers","0L8ExT028jH3ddEcZwqJJ5"
6,"Rexx Life Raj","5rDXcEIODl8TgGTgrntnjX"
6,"Rihanna","5pKCCKE2ajJHZ9KAiaK11H"
6,"Roberta Flack","0W498bDDNlJIrYMKXdpLHA"
6,"Saba","7Hjbimq43OgxaBRpFXic4x"
6,"Sheryl Crow","4TKTii6gnOnUXQHyuo9JaD"
6,"Sierra Ferrell","3oVcF3VdpMuvMvLLyHPT4t"
6,"Silk Sonic","6PvvGcCY2XtUcSRld1Wilr"
6,"Smino","1ybINI1qPiFbwDXamRtwxD"
6,"State Champs","1qqdO7xMptucPDMopsOdkr"
6,"Talib Kweli","0lEssBAxQl2In4RpaB1C2Y"
6,"Tanna Leone","1bPYCoigTRLOQwNfjpwmff"
6,"Terry Presume","4JLuMu6NZUAU8gYhrzvOdX"
6,"The Burnett Sisters Band","4iy4u18qIEpSVGj3glCHWv"
6,"The Highwaymen","6e7QpHYqEiyJGiM98IysLa"
6,"The J. Geils Band","69Mj3u4FTUrpyeGNSIaU6F"
6,"The Kid LAROI","2tIP7SsRs7vjIcLrU85W8J"
6,"The Local Honeys","3KXxNSegk9keTDArt5YQMm"
6,"The Notorious B.I.G.","5me0Irg2ANcsgc93uaYrpb"
6,"The Smiths","3yY2gUcIsjMr8hjo51PoJ8"
6,"The Steeldrivers","3bLSAQPeix7Xm2e5Gtn48R"
6,"Tom Petty and the Heartbreakers","4tX2TplrkIP4v05BNC903e"
6,"Tone-Loc","5Y8EphH8Vdqu5SLj6K5vjj"
6,"Travis Scott","0Y5tJX1MQlPlqiwlOH1tJY"
6,"Vincent Neil Emerson","2TbbmB7fmmCN7rlOt1wHlC"
6,"Wu-Tang Clan","34EP7KEpOjXcM2TCat1ISk"
6,"XXXTENTACION","15UsOTVnJzReFVN1VCnxy4"
6,"Yebba","1ooV8YZC1KbpEcrmI8WH0F"
6,"Zac Brown Band","6yJCxee7QumYr820xdIsjo"
6,"Zach Bryan","40ZNYROS4zLfyyBSs2PGe2"
6,"ear","3bABCGLkFvjnNIKHvPVHDG"
6,"will.i.am","085pc2PYOi8bGKj0PNjekA"
7,"Daniela Andrade","0WfaItAbs4vlgIA1cuqGtJ"
7,"Kina Grannis","7h4j9YTJJuAHzLCc3KCvYu"
7,"Stella Cole","1JV6ZltofPUo3j5CTALYRR"
8,"A Day To Remember","4NiJW4q9ichVqL1aUsgGAN"
8,"Adele","4dpARuHxo51G3z768sgnrY"
8,"Affiance","4gSQlkxtYOyPSRFksQk6tb"
8,"Alien Boy","65vqyT3OjG2zvb3cO1s44j"
8,"All Good Things","2uMWUtg8XLpJxNSqbGOkl1"
8,"Back to Yours","2pr2qiqBz7GIXRU0z6o3rb"
8,"Black Honey","2oVmQT6s29pVIKpqJkyxBS"
8,"Boyce Avenue","7CQwac16i1W5ej8YpuL3dv"
8,"Cage The Elephant","26T3LtbuGT1Fu9m0eRq5X3"
8,"Circa Survive","11FY888Qctoy6YueCpFkXT"
8,"Coldplay","4gzpq5DPGxSnKTe4SA8HAU"
8,"Cults","3Oim8XBPbznAa8Jj8QzNc8"
8,"DIIV","4OrizGCKhOrW6iDDJHN9xd"
8,"Edward Sharpe & The Magnetic Zeros","7giUHu5pv6YTZgSkxxCcgh"
8,"Eminem","7dGJo4pcD2V6oG8kP0tJRR"
8,"Envoi","2Q3IDyXwjOClGoJKKmlaa1"
8,"Epic Score","4Kyb02r7dR3H1PH7pYkb8X"
8,"Evanescence","5nGIFgo0shDenQYSE0Sn7c"
8,"Foals","6FQqZYVfTNQ1pCqfkwVFEa"
8,"Foo Fighters","7jy3rLJdDQY21OgRLCZ9sD"
8,"Hail The Sun","0XblvrTo6mnHOxWIP1t5T6"
8,"Hans Zimmer","0YC192cP3KPCRWx8zr8MfZ"
8,"Hoodie Allen","382aq8Pij5V2nE2JMHMoxl"
8,"How to Disappear Completely","58PAYlZ9swIJ50dcMNSMaT"
8,"Ice Nine Kills","52qKfVcIV4GS8A8Vay2xtt"
8,"Imagine Dragons","53XhwfbYqKCa1cC15pYq2q"
8,"In Hearts Wake","30BDCIM0IdglDaLzvCYd0N"
8,"Jake Clarke","7us4OI1KbjrxqnfkStlJec"
8,"Jinsang","5FsfZj0Mp6YwEWytuJUcWt"
8,"Kingdom Of Giants","77rcxvpDqP78d90dL3DNNe"
8,"L'Indécis","5p1ichthTka1KT0iUvrlIu"
8,"Led Zeppelin","36QJpDe2go2KgaRleHCDTp"
8,"Lera Lynn","2iul6etLF5hjjpxo43rzz7"
8,"Linkin Park","6XyY86QOPPrYVGvF9ch6wz"
8,"Logic","4xRYI6VqpkE3UwrDrAZL8L"
8,"Lorde","163tK9Wjr9P9DmM0AVK7lm"
8,"M83","63MQldklfxkjYDoUE4Tppz"
8,"Margaritas Podridas","5O9NicFLG2F9Xr7OHxmrb7"
8,"Matthew Ryan","5Vdis2P8uqSm5GW1uFZLFR"
8,"Memphis May Fire","7cNNNhdJDrt3vgQjwSavNf"
8,"Metallica","2ye2Wgw4gimLv2eAKyk1NB"
8,"Modern Color","6bayHl2VHbIseMg1jby37l"
8,"Of Mice & Men","4tususHNaR68xdgLstlGBA"
8,"Out Came the Wolves","2fLI2Fb404cPXBKcoEAZIC"
8,"Pearl Jam","1w5Kfo2jwwIPruYS2UWh56"
8,"Phoebe Alice","73L52wRHj0By9fa9bbtc5F"
8,"Pink Floyd","0k17h0D3J5VfsdmQ1iZtE9"
8,"Plan Three","3nsv5EHlrDfwOhsf2pErtS"
8,"Real Friends","6dEtLwgmSI0hmfwTSjy8cw"
8,"S.Maharba","52RUBnagkvIajEJFXM5AXN"
8,"Sadfields","21EFkTCquqEqYOWXi19fDF"
8,"Single Mothers","2FW1jqwbJgwWT8hTWHgBrq"
8,"The Fray","0zOcE3mg9nS6l3yxt1Y0bK"
8,"The Jokes","1IVtEk1unpWvTPgPHxBQd0"
8,"The Killers","0C0XlULifJtAgn6ZNCW2eu"
8,"The Neighbourhood","77SW9BnxLY8rJ0RciFqkHh"
8,"Three Days Grace","2xiIXseIJcq3nG7C8fHeBj"
8,"Title Fight","2CnhqfjUG0qzsru0SMuhrk"
8,"Tom Day","74yueOpxONIcPCjGyF84jG"
8,"Uppermost","58UpHBCQ1Jj67DJsR7Qyqg"
8,"Vacive","4UvDuSwp9g3qS6lHdJXLoV"
8,"Varsity","339XMxg3AyRbEfeIAlxB2c"
8,"Zella Day","100sLnojEpcadRx4edEBA6"
8,"undertow","4EX7uv9u6hlq9JR8QX2hKO"
11,"Arctic Monkeys","7Ln80lUS6He07XvHI8qqHH"
11,"Childish Gambino","73sIBHcqh3Z3NyqHKZ7FOL"
11,"Eloise","7LlIWfvgWlDBXfxCvCFbuC"
11,"Hyko","5R0G4BBwfV087Ep61SzDwC"
11,"Laufey","7gW0r5CkdEUMm42w9XpyZO"
11,"Lorde","163tK9Wjr9P9DmM0AVK7lm"
11,"Noah Kahan","2RQXRUsr4IW1f3mKyKsy4B"
11,"Nujabes","3Rq3YOF9YG9YfCWD4D56RZ"
11,"The Dø","2mcNCn1qbZUQ3J9KHapUxj"
11,"The Marías","2sSGPbdZJkaSE2AbcGOACx"
11,"Wasia Project","7poQNrOwZoUcoqihg4Xex0"
15,"+44","7gkRNHOOt7QfhhXf0rEnmj"
15,"Angels & Airwaves","7xklw3WodFZiNNmQt3DIgp"
15,"Archimedes","6M6VX7AQkfXXU86kECQERk"
15,"Ari Klau","3mr8WTozPpn1JliLOnzejE"
15,"Blues Traveler","3pHeBYl1yujXcZqqfF1UyQ"
15,"Bowling For Soup","5ND0mGcL9SKSjWIjPd0xIb"
15,"Box Car Racer","0DK7FqcaL3ks9TfFn9y1sD"
15,"Callaway Martin","32Om1pF9kloxRMFv1gUifZ"
15,"Chance the Rapper","1anyVhU62p31KFi8MEzkbf"
15,"Cold War Kids","6VDdCwrBM4qQaGxoAyxyJC"
15,"Cypress Hill","4P0dddbxPil35MNN9G2MEX"
15,"Dan Deacon","5Z3IWpvwOvoaWodujHw7xh"
15,"Death Cab for Cutie","0YrtvWJMgSdVrk3SfNjTbx"
15,"Doechii","4E2rKHVDssGJm2SCDOMMJB"
15,"Esmé Patterson","1PoFNQQDFXvOYm6Dx8coAa"
15,"Everlast","14ZxDAK6ITtZZqPdiWrvSn"
15,"Frequent","71Q5SkUpc26h0swrRjrGEc"
15,"GRiZMATiK","7fVA4YnUI0DgAkfNvuDtav"
15,"Gary Clark Jr.","01aC2ikO4Xgb2LUpf9JfKp"
15,"Glue Trip","6b13SQkJSBYJxUoG8TaDcY"
15,"Goldfinger","7sVQKNtdP2NylxMgbNOJMM"
15,"Green Day","7oPftvlwr6VrsViSDV7fJY"
15,"Greta Van Fleet","4NpFxQe2UvRCAjto3JqlSl"
15,"Hans Zimmer","0YC192cP3KPCRWx8zr8MfZ"
15,"Hayley Williams","6Rx1JKzBrSzoKQtmbVmBnM"
15,"JID","6U3ybJ9UHNKEdsH7ktGBZ7"
15,"Ja Rule","1J2VVASYAamtQ3Bt8wGgA6"
15,"Jack Johnson","3GBPw9NK25X1Wt2OUvOwY3"
15,"Joey Bada$$","2P5sC9cVZDToPxyomzF1UH"
15,"John Mayer","0hEurMDQu99nJRq8pTxO14"
15,"Led Zeppelin","36QJpDe2go2KgaRleHCDTp"
15,"Leon Bridges","3qnGvpP8Yth1AqSBMqON5x"
15,"Less Than Jake","20oQv3LStCKCjI9oQ0JNha"
15,"Little Simz","6eXZu6O7nAUA5z6vLV8NKI"
15,"Mat Kearney","2NQEwAVHBNcI0tGMLlWwF1"
15,"Matisyahu","5eyMzR1hYiEZtN2c9ly2kw"
15,"Matt and Kim","4MSMDY0ClgWqXApU53I1L1"
15,"Merle Haggard","2ptmyXoL7poH6Zq62h1QT9"
15,"Michal Menert","5JBNcYBpRMPc5oZO6a9MfD"
15,"Miley Cyrus","5YGY8feqx7naU7z4HrwZM6"
15,"Milky Chance","1hzfo8twXdOegF3xireCYs"
15,"Modest Mouse","1yAwtBaoHLEDWAnWR87hBT"
15,"Nappy Roots","3tCxM1rTj2qUXsiQZxvt2I"
15,"Nathaniel Rateliff & The Night Sweats","02seUFsFQP7TH4hLrTj77o"
15,"Nick Murphy","2Q0MyH5YMI5HPQjFjlq5g3"
15,"OK Go","3hozsZ9hqNq7CoBGYNlFTz"
15,"Papadosio","22nCgEikczPLtGfDdpRroh"
15,"Parrotfish","3sXsp1NdreMl6Pa5Lf20qz"
15,"Passion Pit","7gjAu1qr5C2grXeQFFOGeh"
15,"Pepper","1YK8JdPbiaMSnf4hrlBkGT"
15,"Porch Light","71gxkPYviG8kwEzEZGM1FH"
15,"Portugal. The Man","4kI8Ie27vjvonwaB2ePh8T"
15,"Quinn XCII","3ApUX1o6oSz321MMECyIYd"
15,"RJD2","1O3ZOjqFLEnbpZexcRjocn"
15,"Reel Big Fish","3bXhZFreBJF4QDUUiMmtZW"
15,"Ryan Bingham","31z9f9AyPawiq0qlBO1M3i"
15,"SiR","3QTDHixorJelOLxoxcjqGx"
15,"Simple Plan","2p4FqHnazRucYQHyDCdBrJ"
15,"Slightly Stoopid","6MxlVTY6PmY8Nyn16fvxtb"
15,"Spoon","0K1q0nXQ8is36PzOKAMbNe"
15,"Sturgill Simpson","3vDpQbGnzRbRVirXlfQagB"
15,"The All-American Rejects","3vAaWhdBR38Q02ohXqaNHT"
15,"The Lumineers","16oZKvXb6WkQlVAjwo2Wbg"
15,"The Postal Service","5yV1qdnmxyIYiSFB02wpDj"
15,"The Wood Brothers","6FxuPrpa8phaP3Xn73emhT"
15,"Tipper","1soJ22UMyjIw6SYFtoFJwe"
15,"Trevor Hall","3RMHexittaAZkf8zukkZB8"
15,"Walk off the Earth","6jEiUoyyJNPHzSR0Nib6HX"
15,"Wookiefoot","4qD6ABoI7PKjZCdTYodIaH"
15,"Yellowcard","3zxKH0qp3nBCuPZCZT5Vaf"
15,"Yonder Mountain String Band","1ReHC2jB2DGoPbMYhzuFuO"
15,"Young the Giant","4j56EQDQu5XnL7R3E9iFJT"
15,"blink-182","6FBDaR13swtiWwGhX1WQsP"
