personID,"albums_album","albums_artist","albums_id"
1,"Bewitched: The Goddess Edition","Laufey","1hmlhl74JfLyUqmqtCwvFb"
1,"Come Little Children","Ebucs","0wBnUeyPiCNNKRUg5MTtWb"
1,"Dear Evan Hansen (Original Broadway Cast Recording)","Various Artists","0LhDyJXelg31FKLW5GDcKi"
1,"At Least For Now","Anya Movius","27ac5OLXCEwg69cP4jV6Qi"
1,"GUTS","Olivia Rodrigo","1xJHno7SmdVtZAtXbdbDZp"
1,"1989","Taylor Swift","34OkZVpuzBa9y40DCy0LPR"
1,"Annihilation","Patrick Oer","3IgJ62LCfWSufrWPf9rIWq"
1,"Everything To Everyone","Reneé Rapp","1KSAqXIHFEWo73keoru7FX"
1,"Lovely","Ektaal A Cappella","6F9kclhd8uhOzZFsnvJpMU"
1,"Anything Goes","Cole Porter","6yH8LWqApBErvtBGSSwGzL"
1,"RWBY, Vol. 8 (Music from the Rooster Teeth Series)","Various Artists","6doVJWf5Mm5PzrH6L6YwNw"
1,"LM5 (Deluxe)","Little Mix","7Ho8gAx4haSxv1eFLQwvTj"
1,"SIX: LIVE ON OPENING NIGHT (Original Broadway Cast Recording)","SIX","0VEsR6Rw4ApD0jeIlx4gsq"
1,"Wicked","Stephen Schwartz","1woCvthHJakakroP6dXNxs"
1,"WHEN WE ALL FALL ASLEEP, WHERE DO WE GO?","Billie Eilish","0S0KGZnfBGSIssfF54WSJh"
1,"Moana","Lin-Manuel Miranda","6pZj4nvx6lV3ulIK3BSjvs"
1,"Frozen 2","Various Artists","4M07HWIlZr7zoXoxDHR5mz"
1,"COWBOY CARTER","Beyoncé","6BzxX6zkDsYKFJ04ziU5xQ"
1,"I Love My Girl, She's My Boy","BETWEEN FRIENDS","6xAbweCyvExMjOQmOl194h"
1,"Midnights","Taylor Swift","151w1FgRZfnKZA9FEcg9Z3"
1,"The Reykjavík Sessions","Laufey","2TJvQ6w1v1rcabWhhNBDWS"
1,"SOUR","Olivia Rodrigo","7bYichzvtYHdjF8HF69dyA"
1,"Little Shop Of Horrors - New Broadway Cast","Soundtrack/Cast Album","2NM95wJDobLrXFo3BTu7yL"
1,"thank u, next","Ariana Grande","2fYhqwDWXjbpjaIJPEfKFw"
1,"Closer to You","Sammy Rae & The Friends","5js8Ri1Jy1Rm63nyEFRuh5"
1,"BRAT","Charli xcx","2lIZef4lzdvZkiiCzvPKj7"
1,"The Lion King: The Gift","Beyoncé","552zi1M53PQAX5OH4FIdTx"
1,"Ungodly Hour","Chloe x Halle","1ReoUTt497nUg3u1ERgYwS"
1,"Ungodly Hour","Chloe x Halle","2HIaUwS0PTUeqFFYHBBGAN"
1,"The Phantom Of The Opera","Andrew Lloyd Webber","36bEg6FTBaZGLg9ngJZIU6"
1,"Kagome","Akira","49T7LeaD2MQnFgsf2aMmRE"
1,"reputation","Taylor Swift","6DEjYFkNZh67HP7R9PSZvv"
1,"Legally Blonde The Musical (Original Broadway Cast Recording)","Nell Benjamin","7os43c6BUhMJkDUaEtDufk"
1,"something's gotta give","lala","3g2S5ZnOSyDLXO3Elx5hJE"
1,"Brat and it’s completely different but also still brat","Charli xcx","36P07bti6xD99o7S1acmin"
1,"The Rise and Fall of a Midwest Princess","Chappell Roan","0EiI8ylL0FmWWpgHVTsZjZ"
1,"Hadestown (Original Broadway Cast Recording)","Original Broadway Cast of Hadestown","1J1yxODbNlqKbwRqJxYJUP"
1,"Snow Angel","Reneé Rapp","7pPV0OFuytqNj7ar82Hizf"
1,"Mean Girls (Original Broadway Cast Recording)","Various Artists","6m7n9JuAOMcy8X3ntO0Ktf"
1,"Wear The Gown","Cherry Pit","3wFFhJvndro95CvEVmJMGJ"
1,"Plastic Hearts","Miley Cyrus","5BRhg6NSEZOj0BR6Iz56fR"
1,"mona lisa","mxmtoon","3wVcBPUDJrmInLD0G1W1r2"
1,"Fearless (Taylor's Version)","Taylor Swift","4hDok0OAJd57SGIT8xuWJH"
1,"rising","mxmtoon","6moZ0XzoBW9Yg35w0y5GlN"
1,"Everyday Is Christmas","Sia","2vcGYJcPfXUmCdcXXqqukg"
1,"Bewitched","Laufey","1rpCHilZQkw84A3Y9czvMO"
1,"Midnight Sun","Zara Larsson","0nte5x6fXd37Nt7jALSmx0"
1,"Fine Line","Harry Styles","7xV2TzoaVc0ycW7fwBwAml"
1,"SOS","SZA","07w0rG5TETcyihsEIZR3qG"
1,"Into The Woods","Sara Bareilles","5z6BFXI711HbSAXDjgOAHE"
1,"BITE ME","Reneé Rapp","6ULnaZahd0zTGVUBVQO6mN"
1,"Sweetener","Ariana Grande","3tx8gQqWbGwqIGZHqDNrGe"
1,"Alligator Bites Never Heal","Doechii","60UzB8mOCMpc7xkuJE6Bwc"
1,"RENAISSANCE","Beyoncé","6FJxoadUE4JNVwWHghBwnb"
1,"Fiddler on the Roof","Various Artists","56koGfAf0uOKTbOnYAcAKS"
1,"GUTS (spilled)","Olivia Rodrigo","1D06fz3cuob62ysTS8k6gu"
1,"The Reykjavík Sessions","Laufey","6ETdl4OHcpXhMQdLWstM2G"
1,"BEAUTIFUL CHAOS","KATSEYE","4llrXTk6u4QYI1j7KHIsCx"
1,"Dancing In The Flames","The Weeknd","5XsZ5ZTcIHnZxjynaGxA0g"
1,"PARAVI","Paravi","27d1Ladlcuhf4E10k07EVR"
1,"A Matter of Time","Laufey","5rMOCuiWWbEBcHaKM69Hmv"
1,"evermore","Taylor Swift","2Xoteh7uEpea4TohMxjtaq"
1,"9 To 5 - The Musical (Original Cast Recording)","Allison Janney, Megan Hilty, Charlie Pollock, Stephanie J. Block and Ensemble","5DYcAPYxO4PybNEHv9H8YY"
1,"Hamilton","Lin-Manuel Miranda","1kCHru7uhxBUdzkm4gzRQc"
1,"SOS Deluxe: LANA","SZA","3VQkNrG74QPY4rHBPoyZYZ"
1,"From Heart To Hips","Anya Movius","6JxSZlJhB1rZJNZr0wCetQ"
1,"SPES","Tove Ramlo-Ystad","5LnknYLYDU0bqn5nrrBKvo"
1,"Thank You For Being Here","Paravi","2eRWUCcignvwnWOMQTtarq"
1,"The Phantom Of The Opera At The Royal Albert Hall","Andrew Lloyd Webber","6C4TnJuvfxJakuhh2vT0Hh"
1,"Harry's House","Harry Styles","5r36AJ6VOJtp00oxSkBZ5h"
1,"Everything To Everyone","Reneé Rapp","4Kk5hoolfW8UN6cTSo5fXJ"
1,"Cicada","Akira","5WD3VNA9dZiDL4hivYjNBO"
1,"eternal sunshine","Ariana Grande","3L2iweH45rVdTBPldbY6dp"
1,"MONTERO","Lil Nas X","6pOiDiuDQqrmo5DbG0ZubR"
1,"Cry-Baby: The Musical (Original Studio Cast Recording)","Various Artists","6byNiLoqJBqU5wfHTxWZZP"
1,"My Jolly Sailor Bold","Vinny Marchi","3SlDy6kC80wJqJeIJFT13l"
1,"Everything I Know About Love","Laufey","777K2ytcKbDsX0AZ2y8CBS"
1,"RWBY, Vol. 9 (Music from the Rooster Teeth Series)","Various Artists","3PYotk4zA2lmTOTnmUwhOf"
1,"Snow White","Laufey","488ewItrKZCwV9k2JqvnKL"
1,"Golden Child","Paravi","1yt8iYtXCRNw6W3gThI3Pz"
1,"Lover","Taylor Swift","1NAmidJlEaVgA3MpcPFYGq"
1,"Planet Her","Doja Cat","1nAQbHeOWTfQzbOoFrvndW"
1,"The Outsider EP","Lyn Lapid","0c7zKLCs5B2Q34GStRLahp"
1,"Guys and Dolls (New Broadway Cast Recording (1992))","New Broadway Cast of Guys and Dolls (1992)","7aVLz778h7j4o82KcAD2Ic"
1,"rising","mxmtoon","4Ozq72UWig4PdVy3yGyzAE"
1,"The Miseducation of Lauryn Hill","Ms. Lauryn Hill","1BZoqf8Zje5nGdwZhOjAtD"
1,"Family Business","Lawrence","2Sb0autVivIydesNKk5J6p"
1,"Mamma Mia! The Movie Soundtrack","Cast of Mamma Mia! The Movie","6QtnCAFmqOwR75jOOmU7k9"
1,"folklore","Taylor Swift","2fenSS68JI1h4Fo296JfGr"
1,"Requiem","Laura Dreyfuss","6hDxdAyBmHZO0ClRUI5wQs"
1,"HOMECOMING: THE LIVE ALBUM","Beyoncé","35S1JCj5paIfElT2GODl6x"
10,"BLEED","The Kid LAROI","783jliO1kkc5vXTrxHqNKk"
10,"Gravity","Gryffin","2IAVHJdaRPFA6MQqXHoG75"
10,"BEFORE I FORGET","The Kid LAROI","5apkkoLPJJYZcghFfuNTF3"
10,"the fleeting life of a fool","Powfu","4tFeJmoYwsf4DBNTqAl4bf"
10,"ASCEND","ILLENIUM","60xcVwuQJAOyu11xf9mObS"
10,"gills","Malcom Rojas","4A7eqTcQ0MAsKrVPjzoOxG"
10,"GIRLS","The Kid LAROI","17R63Sb8OrPikc2R4mlpdC"
10,"1989 (Taylor's Version)","Taylor Swift","64LU4c1nfjz1t4VnGhagcg"
10,"F*CK LOVE","The Kid LAROI","6RuwGwQcAureaOraKJNFQG"
10,"her (feat. ZVC)","JVKE","7oxC0J3L5JiVHMZRU9qGPS"
10,"HOME IS CHANGING","Mishaal Tamer","3B69Rwb21o9LqQnJB9dw5O"
10,"K-12","Melanie Martinez","1KerGJUScYGffP3Mjmjz8c"
2,"Amygdala","Ecco2k","7IUUaatsZEC81o9uWHJ1Nv"
2,"SOS","SZA","07w0rG5TETcyihsEIZR3qG"
2,"MUSIC","Playboi Carti","0fSfkmx0tdPqFYkJuNX74a"
2,"Petra","Weston Estate","1bO7MgtALIhHvzpYveTenM"
2,"LEAF","Toshi","3lyiaXGSpvKLCajyxo6Ozq"
2,"Census Designated","Jane Remover","0rsCXQ9QyrLaTc2a5fvsZR"
2,"By your neck (feat. Mckdaddy)","NECTA","5REEnazOLzZmzjJo7gSKwu"
2,"SPIRIT OF THUNDER","Yung Lean","6gqD6cqqgOIEJeYo0I3p5e"
2,"Discolor","Harry Teardrop","68uboqtlTuZfAvT4k21Rhp"
2,"Planet Her (Deluxe)","Doja Cat","4XLPYMERZZaBzkJg0mkdvO"
2,"Stateside + Bladee","PinkPantheress","7mDo8xgaQ4CmWWKTvdSBkM"
2,"britney in 07","blackbear","5niKmHGHPcCIEMT6KDgK7W"
2,"Fallen Angel","KETTAMA","5eKWupqx2kfK4w9eEmUn6n"
2,"Evil World","Bladee","73FFffkBe9Bo20VZHktCn5"
2,"IITE COOL","DPR LIVE","2OjMA1arGnBXDE20XbesVL"
2,"UTOPIA","Travis Scott","18NOKLkZETa4sWwLMIm0UZ"
2,"Moodswings In To Order","DPR IAN","7vp2iMEQzhNX4sEIUbHpiJ"
2,"Ateriavia","Anthony1","664QNZp0rW7xSokEzxqVSb"
2,"No Broke Boys","Disco Lines","520FALYwo6yPbp5kBchA8N"
2,"drunk","keshi","14vqR57z8khZzYex37NVg9"
2,"Snow White","fakemink","1kT9mMdutnqDX1UA24WIvb"
2,"Crumbling","Mid-Air Thief","4n9J61IrlrEFswxTu0MJIo"
2,"bandaids","keshi","4LfFHT00C9ImLMUjHkqWjQ"
2,"Jam & Butterfly","DPR LIVE","5MYVpPtqQFHdYIJV0gnYbq"
2,"SOMEBODY","keshi","5aGeJx3pPmu3uAiX3tP5D5"
2,"NewJeans 'Super Shy'","NewJeans","5V729UqvhwNOcMejx0m55I"
2,"INSOMNIA","Marco Luka","0KFe3C56QqABVUNEsSNgEq"
2,"NEEDY","Internet Girl","3TabBrRi5NikOnQS5oipDW"
2,"TM","BROCKHAMPTON","0EICXG4UBIAUOKVlfBGipA"
2,"FUCK THE SPEAKERZ UP","ISOxo","7a7eYrzNW0rYcWKTc7AW4j"
2,"Expression On Your Face","Mechatok","0SylYxgzz1dgwuN4ItVB3u"
2,"SUPERBLOOM","Weston Estate","1hjKhAUMaMBkTz1RVngugO"
2,"GABRIEL","keshi","1WVIJaAboRSwJOe4u0n0Q7"
2,"gold","2hollis","6Ucd9PvaoiSlQXY8OOupkW"
2,"Rehab","Mokyo","7shV9Ltl8Cd7yjQgARX6J6"
2,"MADONNA & RIHANNA","Rich Amiri","0r81t0FQLIyyAytNSLUbqy"
2,"Easy v2","Baird","01c1TtxDepIhj3i14YiRzA"
2,"A Great Chaos","Ken Carson","0HS8aknH0JQdMIiBVhyOCW"
2,"Glue","Kevin Abstract","4SLobK9FvbKa5OtW4qLr3Q"
2,"1st Single 'S.i.R'","BOBBY","7eZ1MuD9GYRP35jumpZStH"
2,"踊り子","Vaundy","3qDlmj2bxxsDO7EdVgwb7j"
2,"beside you","keshi","3boOG8cQ8szHDizPKUyBFD"
2,"Don't Be Dumb","A$AP Rocky","4itKk52E9ZCdWUQcFAkud9"
2,"IS ANYBODY OUT THERE?","DPR LIVE","6j8x8zBChjzCn0FD7KJB7p"
2,"Cold Visions","Bladee","5fjDXtY8tws1sbPFHw34pL"
2,"Psykos","Yung Lean","3Prj5ncKli5arNTmILU6aV"
2,"CONGLOMERATE","Fimiguerrero","3cb1xcLTVs1ovpTCXAq2EP"
3,"6 Of A Billion","Claire Rosinkranz","00XbpqjUL8dH40s3vGltsV"
3,"Rivalry / It's You (from ""Heated Rivalry"" Original Series Soundtrack)","Peter Peter","1NsdL2wUV1Wogqpefzxl7s"
3,"Goodie Bag","Still Woozy","0y8sikccXZ3TIW4PkjtI8R"
3,"Black Car","Leon Else","1KqloWW6M7wovZ1hags4ui"
3,"Bridges","BROODS","3QArav9zaSmJNzDTDVrnaB"
3,"Pretty. Odd.","Panic! At The Disco","7Hk9WbjPbN1n2GXaK7aldw"
3,"Donda","Kanye West","340MjPcVdiQRnMigrPybZA"
3,"MAGDALENE","FKA twigs","3DMR3yM5crnt1dG9lLaMTZ"
3,"Parader","Keaton Henson","2zv40AdcaUQOtGnRw7M1Dh"
3,"Make My Bed","King Princess","6VnoKML5dWRxOOEbMAPfG5"
3,"Sensitive","Dreamer Isioma","5Nt1LTzawqGEb4tolMpRQu"
3,"American Teen","Khalid","6kf46HbnYCZzP6rjvQHYzg"
3,"Gemini Rights","Steve Lacy","3Ks0eeH0GWpY4AU20D5HPD"
3,"No Matter Where You Are","Us The Duo","1hwhGQoccUo1mO5TPRxE0D"
3,"Midnights","Taylor Swift","151w1FgRZfnKZA9FEcg9Z3"
3,"Norman Fucking Rockwell!","Lana Del Rey","5XpEKORZ4y6OrCZSKsi46A"
3,"Ethiopiques, vol. 21: Emahoy","Emahoy Tsege Mariam Gebru","4OYhJgrDTR74Yo4SE8Exdk"
3,"channel ORANGE","Frank Ocean","392p3shh2jkxUxY2VHvlH8"
3,"xx","The xx","2rmMeEq5D1Bg7YFRwtHBDr"
3,"Pony","Rex Orange County","5CNckxfLf4TCoMOoxgAU8l"
3,"DECIDE","Djo","4JDXBZdRPId4devseaAOKH"
3,"Superache","Conan Gray","5hIOd0FvjlgG4uLjXHkFWI"
3,"Good Mourning","Sophie Holohan","3r0Jf1SNCTIAEVPBkriBz0"
3,"Shawn Mendes","Shawn Mendes","6AjREacSERvnQTe6GFTx3c"
3,"the record","boygenius","0e9GjrztzBw8oMC6n2CDeI"
3,"Free Spirit","Khalid","6KT8x5oqZJl9CcnM66hddo"
3,"Last of a Dying Breed","Joji","3ttt3IAhIjw42M0OXWbyJS"
3,"good kid, m.A.A.d city","Kendrick Lamar","6PBZN8cbwkqm1ERj2BGXJ1"
3,"The Sunny Nights Project","LeRoyce","6B934MgHvexMvfNwpVfowp"
3,"Fearless","Taylor Swift","2dqn5yOQWdyGwOpOIi9O4x"
3,"The Big Bang","Rock Mafia","2h1ALu053BMJ7ar9GYqBL9"
3,"folklore","Taylor Swift","1pzvBxYgT6OVwJLtHkrdQK"
3,"CASE STUDY 01","Daniel Caesar","4mvxoogQn8p84Wz17zTHnJ"
3,"Malibu Nights","LANY","6SWmGozzQDUaczHXMuE8Za"
3,"Tchaikovsky: Swan Lake","Pyotr Ilyich Tchaikovsky","7dVA06E7AP7P7VzPyNxQVO"
3,"Melodrama","Lorde","4oCGmYsAQOWt2ACWTpNUU6"
3,"Home Video","Lucy Dacus","2nwfSapJ3YIq7Ofad4Vuh1"
3,"The Big Day","Chance the Rapper","7bgi7zCoDsZdlLKPonHZqP"
3,"The June Haverly EP","Troye Sivan","4JOcDRsXp0auetzB9yv2WE"
3,"A Muse In Her Feelings","dvsn","153lLZKTVw25BTcLuXB8ME"
3,"Lately EP","Still Woozy","4PeU1vYLxDKGzU3641YmFI"
3,"Brand New Eyes","Paramore","27UqZoE1kV6sIV6uQcI28A"
3,"Cheap Queen","King Princess","5zzd05ffaL9xuXwQkVuxoF"
3,"Heathers: The Musical (World Premiere Cast Recording)","Various Artists","1aIXRUYjG6ORo2vGnrAk0F"
3,"Landmark","Hippo Campus","0vb1g018puu47StlIi9wxC"
3,"My Beautiful Dark Twisted Fantasy","Kanye West","20r762YmB5HeofjMCiPMLv"
3,"Cleopatra","The Lumineers","2zbTrm2pIAErzFSopinkbN"
3,"Hamilton","Lin-Manuel Miranda","1kCHru7uhxBUdzkm4gzRQc"
3,"Perfect Symphony (Ed Sheeran & Andrea Bocelli)","Ed Sheeran","2MOs2gBy14kW9jYXbv2A3O"
3,"BADLANDS","Halsey","5OZJflQcQCdZLQjtUudCin"
3,"In Tongues","Joji","3dtSst4EXjGeZVQ5Sco315"
3,"Coexist","The xx","2cRMVS71c49Pf5SnIlJX3U"
3,"evermore","Taylor Swift","6AORtDjduMM3bupSWzbTSG"
3,"I Don't Want to Talk","Wallows","29l8Ddx32NKjtpeZic3U1I"
3,"deadroses","blackbear","1TkwzY3l4LqAfrQwBAx45Q"
3,"Suncity","Khalid","4UNwL1B7JoymNUiTFJa52B"
3,"Freudian","Daniel Caesar","3xybjP7r2VsWzwvDQipdM0"
3,"Leave The Door Open","Bruno Mars","7dfPqXck6BB9wpThrVYBss"
3,"CHROMAKOPIA","Tyler, The Creator","0U28P0QVB1QRxpqp5IHOlH"
3,"I'm Gonna Be (500 Miles)","Sleeping At Last","0b8KcBvQVOYGRQWGaWzyS0"
3,"I Know I'm Funny haha","Faye Webster","454yeYs9PxTEwGmZf6OBpa"
3,"Not About Angels","Birdy","7DRvJhjucsH34zMXtEh0ER"
3,"Solar Power","Lorde","1lDMJQcBCttCroFPkNHtN7"
3,"Ultralife","Oh Wonder","2P63KJNeC3DwaLpw8KHYqE"
3,"Beatopia","beabadoobee","2rhNQbqRNxiNQkDXTffe1V"
3,"Benz","Samsonyte","0dPnUsnfCTOONXhR8yUYTW"
3,"The Last Five Years","Anna Kendrick","4vH73QaXGo63byESFxcPU9"
3,"WHEN WE ALL FALL ASLEEP, WHERE DO WE GO?","Billie Eilish","0S0KGZnfBGSIssfF54WSJh"
3,"From Michigan With Love","Quinn XCII","7zGPSFi3LOIC1L5Dj0oEBx"
3,"Pure Heroine","Lorde","0rmhjUgoVa17LZuS8xWQ3v"
3,"The Lost Sessions","Alice Kristiansen","2UXiBSSgHrLXxtAsUTrHLq"
3,"Paramore","Paramore","4sgYpkIASM1jVlNC8Wp9oF"
3,"Love Me / Love Me Not","HONNE","0fwZXPXf41aF6H0CN3UtXV"
3,"Memoir of a Sparklemuffin","Suki Waterhouse","5PflJDKGFMTBj49PF4KlOX"
3,"OK","Wallows","6AMTezrkvSp7i1PqL0Mb7F"
3,"After Laughter","Paramore","1c9Sx7XdXuMptGyfCB6hHs"
3,"In Tongues (Deluxe)","Joji","6ZksrxRWlJ7ExylPyJwfLJ"
3,"LANY","LANY","0HiwsXForePsWdIZW6EEkK"
3,"Blush","Kevin Abstract","1aUFNUsjLeUwhJZjBZpoKa"
3,"The Greatest Hits 1970-2002","Elton John","6nvd1pwRgLrMez7fIiDq8z"
3,"Immunity","Clairo","4kkVGtCqE2NiAKosri9Rnd"
3,"good 4 u","Olivia Rodrigo","3rMjL8NA5Wh2hbMNk2fSlY"
3,"star-crossed","Kacey Musgraves","6y9LbrjY2TpaLvtbE7FTkc"
3,"A Fever You Can't Sweat Out","Panic! At The Disco","2YeOhhJg3OWpN0F1VYPxtW"
3,"Tell Me That It’s Over","Wallows","5L6fAzbz2x5oF8l0qluSKm"
3,"With Ur Love (feat. Juicy J)","Cher Lloyd","3wacCyemBQ2CPMnlAczuDS"
3,"Harry Styles","Harry Styles","1FZKIm3JVDCxTchXDo5jOV"
3,"La La Land","Justin Hurwitz","3GU8BzFEAdFSRjc8jZkL3S"
3,"I Wish (feat. T.I.)","Cher Lloyd","3grjdvBts7h4qNWvVS6kI3"
3,"Tell Me You Love Me","Demi Lovato","233yswCIc7oCFpZ2M9t0wa"
3,"Bloom","Troye Sivan","1OyADPvYTlmT5hV0mtxLAY"
3,"SOUR","Olivia Rodrigo","6s84u2TUpR3wdUv4NgKA2j"
3,"Come a Little Closer","Cage The Elephant","5l5dVM9m11ZrxiGMXcGkRK"
3,"Glory Sound Prep","Jon Bellion","59YYObx9wFEFG5zVdlfwvf"
3,"beerbongs & bentleys","Post Malone","6trNtQUgC8cgbWcqoMYkOR"
3,"1950","King Princess","5p0UaZsYWMn4L1dSpc6AhN"
3,"Acid Rap","Chance the Rapper","2VBcztE58pBKjIDS5oEgFh"
3,"Telepath","Conan Gray","6npBFQje5ZenFSLErcNflE"
3,"Dear Evan Hansen (Original Broadway Cast Recording)","Various Artists","0LhDyJXelg31FKLW5GDcKi"
3,"evermore","Taylor Swift","2Xoteh7uEpea4TohMxjtaq"
3,"1973","Jacks Haupt","3apsMyUGCoFOZ1sH7v0PHO"
3,"Cooks","Still Woozy","6P5uQurlsYMrmOgGRd3xpz"
3,"Melodrama","Lorde","2B87zXm9bOWvAJdkJBTpzF"
3,"IGOR","Tyler, The Creator","5zi7WsKlIiUXv09tbGLKsE"
3,"The Story of Us","Quinn XCII","7j7cqgeWmYH9PbKe3S5oJj"
3,"The 1975","The 1975","33ZqJmmqFE8Z7Ak1Lxbnfb"
3,"Sling","Clairo","32ium7Cxb1Xwp2MLzH2459"
3,"ARIZONA BABY","Kevin Abstract","6wi40lIjhukePWyXRKY7qO"
3,"Songs About Jane","Maroon 5","1Rv9WRKyYhFaGbuYDaQunN"
3,"flounder","quinnie","3AmWQhIXHawKYgthdEJSLJ"
3,"You - EP","dodie","6xeFX3yRvaEV7ny5WKZ4cA"
3,"Riot!","Paramore","71rziY9eLo1tA2dBMxrwhc"
3,"AM","Arctic Monkeys","5bU1XKYxHhEwukllT20xtk"
3,"CALL ME IF YOU GET LOST","Tyler, The Creator","45ba6QAtNrdv6Ke4MFOKk9"
3,"Blonde","Frank Ocean","3mH6qwIy9crq0I9YQbOuDf"
3,"Smile","Nohidea","3o5CXZt4E5R4KJ6xt7xIui"
3,"Gymnopédies","Erik Satie","1CRUe1xvr13ThgjnpCmIOL"
3,"the rest","boygenius","1n0esOkFQdL74PwMwTVgtz"
3,"The Human Condition","Jon Bellion","2jJReDZqTuAxr4R0ItimZc"
3,"Floats My Boat","Aer","5XHNFt2jWhd2U82Z4EIRNo"
3,"dont smile at me","Billie Eilish","07WV4Vf6503k6K1yGNWG8X"
3,"Don't Be Dumb","A$AP Rocky","0atfWEzoZMgo9zCwFd5nEN"
3,"Delta","Mumford & Sons","1PYJpLC45Fem1a30mwArtS"
3,"dead","blackbear","5cEJ9XTxsUKterwl1nAm2I"
3,"Waitress (Original Broadway Cast Recording)","Various Artists","1E1tdqqLmyi03P0TJhGuw8"
3,"~how i'm feeling~","Lauv","6EgJXcGqaUvgZIF9bqPXfP"
3,"Spotify Singles","Harry Styles","7neiWgd56IO7vi2cRUP8Tj"
3,"Trip Tape","Milky Chance","707cK3j40hIquI15sOcYXP"
3,"My Grandmother's Hands","Resmaa Menakem","2U4eNTaBwe2x4InXFH4DhH"
3,"This Is Why","Paramore","6tG8sCK4htJOLjlWwb7gZB"
3,"GINGER","BROCKHAMPTON","1jToVugwBEzcak8gJNZG2f"
3,"I met you when I was 18.","Lauv","7lqieLm717j9Z8JrG7POkS"
3,"BEAUTIFUL CHAOS","KATSEYE","4llrXTk6u4QYI1j7KHIsCx"
3,"Pilgrim's Paradise","Daniel Caesar","4uP43hIpmEEDuW7aOfiU2C"
3,"Sunburn","Dominic Fike","2T7LuxZRr6SQMgABLtoYTH"
3,"19","Adele","6Pb3K1oPXdhsqFXtzKe3Z1"
3,"SOS","SZA","07w0rG5TETcyihsEIZR3qG"
3,"WOW!","BETWEEN FRIENDS","6jG86C6kFmXlWJcTlHtHYR"
3,"minor","Gracie Abrams","2UZw04wDxLVceADw2Gi1Qy"
3,"What Could Possibly Go Wrong","Dominic Fike","1BubKJqf6Uc4fNae5kLJJ7"
3,"Eat Your Young","Hozier","1GOa0Bsm7eeVIJglLcoLWX"
3,"reputation","Taylor Swift","6DEjYFkNZh67HP7R9PSZvv"
4,"Her Loss","Drake","41NvzpIHKpaYHKnh1bF3TN"
4,"SOS","SZA","1nrVofqDRs7cpWXJ49qTnP"
4,"Bite","24kGoldn","7tMqwp42zyOZaSpQgnp03t"
4,"4Respect","YoungBoy Never Broke Again","5qHIeth0mZhLj9TJnVC3RB"
4,"Culture III","Migos","3uyOwJu4r3yroAkFywNFM3"
4,"Bullets Ain't Got No Name Vol. 1","Nipsey Hussle","5qgpc2AibxlsSRjEOiudqj"
4,"ROADRUNNER: NEW LIGHT, NEW MACHINE PLUS PACK","BROCKHAMPTON","5iwHnTMSgzypmxdmQOr7if"
4,"Faith","Pop Smoke","2MlT9dGKoGH2hsfcz7UUXL"
5,"Javelin","Sufjan Stevens","2KqSL3vLfyVO7rrZJL9tUs"
5,"Beethoven Blues","Jon Batiste","3eXr4s3rCLxNJpxqaIDyqJ"
5,"Rude","Cour","3F9EtcqCQpEdVsaAZ6DENA"
5,"Tchaikovsky: The Nutcracker","Pyotr Ilyich Tchaikovsky","54Awn36ryf55PkZyOR4iwQ"
5,"Christmas with the Trapp Family","Trapp Family Singers","0ygd65X0InlWGigRzW0F6B"
5,"Sing Street","Various Artists","7ubvuN0J0CPRUa2JUE2pxM"
5,"Reflections","Sufjan Stevens","5VHkiYllmLhZ2ZJ6fzJg21"
5,"Whiplash","Various Artists","7bsistH3CCaUMqHCjNFpZT"
5,"Meat and Candy","Old Dominion","1G4WDlYjm0VqgyEymNJRcf"
5,"Postmodern Jukebox at the Piano","Scott Bradlee's Postmodern Jukebox","2DiclA8hamAgYbkW5eqPnS"
5,"The Goat Rodeo Sessions","Yo-Yo Ma","3P7xbl4YB4T73vWRHgcHMa"
5,"Professional Rapper","Lil Dicky","5eLVoIPq7P3Bu29lVgD4x0"
5,"Starlight","Dave","1WLS1NrOlbDIl760hVeeUi"
5,"Halloween Music","Camille Saint-Saëns","46X1IgQ1swAVlNeUJeAHwu"
5,"Pirate Radio","Various Artists","7GFn8ze0gydX3f0WNMCxaG"
5,"The Rise and Fall of a Midwest Princess","Chappell Roan","0EiI8ylL0FmWWpgHVTsZjZ"
5,"Cambridge Singers Christmas Album","The Cambridge Singers","0vfX51J1FSfPhcxM4I3kUb"
6,"Dark Sky Paradise","Big Sean","1j2x7FJXTgUT0X5hZ8TDXE"
6,"Faces","Mac Miller","5SKnXCvB4fcGSZu32o3LRY"
6,"More Life","Drake","1lXY618HWkwYKJWBRYR4MK"
6,"Dark Lane Demo Tapes","Drake","6OQ9gBfg5EXeNAEwGSs6jK"
6,"Reasonable Doubt","JAY-Z","3YPK0bNOuayhmSrs0sIIBR"
6,"The House Is Burning [homies begged]","Isaiah Rashad","33ichA2TzIOdW248hRlqpH"
6,"My Beautiful Dark Twisted Fantasy","Kanye West","20r762YmB5HeofjMCiPMLv"
6,"Chill Bill (feat. J. Davi$ & Spooks)","Rob $tone","5qBu7Ab6alstSCAzxTJMb1"
6,"Paint Horse","Benjamin Dakota Rogers","6s0ZlMKxMLMAspUfTI2NzN"
6,"Thats What They All Say","Jack Harlow","5g2INX6dnMIJG0xKygXwF3"
6,"BLAME IT ON BABY","DaBaby","623PL2MBg50Br5dLXC9E9e"
6,"Pink Tape","Lil Uzi Vert","2ua5bFkZLZl1lIgKWtYZIz"
6,"IGOR","Tyler, The Creator","5zi7WsKlIiUXv09tbGLKsE"
6,"The Eminem Show","Eminem","2cWBwpqMsDJC1ZUwz813lo"
6,"Man On The Moon III: The Chosen","Kid Cudi","7vLxDionyOHSDmYS7Wpwdp"
6,"American Heartbreak","Zach Bryan","7IouDrXPdAZwT1NzVV3vef"
6,"Jackman.","Jack Harlow","1ep4OEfNOhvcY85STfEtKy"
6,"Jailbreak","Thin Lizzy","7LZsSMEraR5F9Me6njnIMB"
6,"Sticky Fingers","The Rolling Stones","29m6DinzdaD0OPqWKGyMdz"
6,"Darling Blue","Marcus King","14gWu1NRr0J0M1evRdF83C"
6,"AUSTIN","Post Malone","6r1lh7fHMB499vGKtIyJLy"
6,"Love Sick","Don Toliver","26z5llzd194mcCZHADWd6k"
6,"Funk Wav Bounces Vol. 2","Calvin Harris","49DV9eFp2xTdtO7veew5xS"
6,"Watch The Throne","JAY-Z","1YwzJz7CrV9fd9Qeb6oo1d"
6,"LABRINTH, SIA & DIPLO PRESENT... LSD","LSD","0ujHQ5WCLuKJQXOqXpGtpf"
6,"F-1 Trillion: Long Bed","Post Malone","4f2G7uAWqzpOPwEfCDV87A"
6,"Her Loss","Drake","5MS3MvWHJ3lOZPLiMxzOU6"
6,"4 Your Eyez Only","J. Cole","3MNP6yEmCAFruLe7pAGKCu"
6,"Legends Never Die","Juice WRLD","1R6vbGGXSEZZmTGn7ewwRL"
6,"Madvillainy","Madvillain","01FCoGEQ3NFWF4fHJzdiax"
6,"Never How You Plan","JERREAU","6JSYa7BFj1fhhRk1ORtfnU"
6,"The College Dropout","Kanye West","3ff2p3LnR6V7m6BinwhNaQ"
6,"Kamikaze","Twista","7tbgPQub8dUigxMdkYDfOb"
6,"Indicud","Kid Cudi","262o5a05pMUDSV2uzo5EwQ"
6,"Donda","Kanye West","5CnpZV3q5BcESefcB3WJmz"
6,"Revenge Of The Dreamers III","Dreamville","2n3quCZ0anEa46j2IveacI"
6,"3.15.20","Childish Gambino","600ClrWRsAr7jZ0qjaBLHz"
6,"Baby","Dijon","3hKlec1wgYVJcI0YvwCFJB"
6,"WhoMadeWho","WhoMadeWho","1X0nQnShEvrtAPXA73rtzj"
6,"Man On The Moon: The End Of Day","Kid Cudi","2S8AWAM0nxyFy66YnUfIs3"
6,"Stoney","Post Malone","5s0rmjP8XOPhP6HhqOhuyC"
6,"Cozy Tapes Vol. 2: Too Cozy","A$AP Mob","0qr1Fvi1haEDWVbFtekZLb"
6,"Finding Terry: Compilation","Terry Presume","30aM8HDgMlqWVADIsZnpXk"
6,"1999","Rich Brian","7fekFzT8lQv8sZjPGn7JqW"
6,"Pieces Of Eight","Styx","294yFGYq9SBXWR4g6dK63D"
6,"Victory Lap","Nipsey Hussle","6rcbbhcm8Os7EiVRHP9Aef"
6,"Poke It Out (feat. J. Cole)","Wale","2DXRWlFTI8l2YvBD4iFUK8"
6,"Zach Bryan","Zach Bryan","6PbnGueEO6LGodPfvNldYf"
6,"Overexposed","Maroon 5","7i1Ej2Ix9aIiLKqhNwAB2l"
6,"Charlie Boy","Benjamin Dakota Rogers","5fQRXK1d5ZkRlRcW8BjLOz"
6,"Graduation","Kanye West","5fPglEDz9YEwRgbLRvhCZy"
6,"A Love Letter To You 3","Trippie Redd","6qRbGZqJ3aQY8N8bcHc1ug"
6,"This Ol' Way","Benjamin Dakota Rogers","77eopQjIGR0gBCQxX0DmaE"
6,"channel ORANGE","Frank Ocean","392p3shh2jkxUxY2VHvlH8"
6,"Culture III","Migos","3uyOwJu4r3yroAkFywNFM3"
6,"DAMN.","Kendrick Lamar","4eLPsYPBmXABThSJ821sqY"
6,"Revival","Eminem","0U6ldwLBEMkwgfQRY4V6D2"
6,"KOD","J. Cole","4Wv5UAieM1LDEYVq5WmqDd"
6,"Fell In Love","Marshmello","3eq1NCbo5446IeeNE9OjAH"
6,"Coloring Book","Chance the Rapper","71QyofYesSsRMwFOTafnhB"
6,"WE DON'T TRUST YOU","Future","2vHRMDYWkdjZLRsLD4l76m"
6,"The Life Of Pablo","Kanye West","7gsWAHLeT0w7es6FofOXk1"
6,"Fleetwood Mac","Fleetwood Mac","5VIQ3VaAoRKOEpJ0fewdvo"
6,"It's Almost Dry","Pusha T","6o38CdD7CUlZDCFhjZYLDH"
6,"KIDS SEE GHOSTS","KIDS SEE GHOSTS","6pwuKxMUkNg673KETsXPUV"
6,"Circles","Mac Miller","5sY6UIQ32GqwMLAfSNEaXb"
6,"Songs About Jane","Maroon 5","1Rv9WRKyYhFaGbuYDaQunN"
6,"Late Registration","Kanye West","5ll74bqtkcXlKE7wwkMq4g"
6,"Punk","Young Thug","7IKkHmEk4It4cRdOYanyvW"
6,"GINGER","BROCKHAMPTON","1jToVugwBEzcak8gJNZG2f"
6,"ye","Kanye West","2Ek1q2haOnxVqhvVKqMvJe"
6,"Donda","Kanye West","340MjPcVdiQRnMigrPybZA"
6,"Heart Of The Congos","The Congos","0FqUTYrs4FtPbav2Ry2I1M"
6,"Ready to Die","The Notorious B.I.G.","2ymwUMeW3BySLhKNp8UQZ3"
6,"Tha Carter II","Lil Wayne","7slHgsEMuJfnuft5LAPyw6"
6,"Mr. Morale & The Big Steppers","Kendrick Lamar","79ONNoS4M9tfIA1mYLBYVX"
6,"folklore","Taylor Swift","2fenSS68JI1h4Fo296JfGr"
6,"AT.LONG.LAST.A$AP","A$AP Rocky","3arNdjotCvtiiLFfjKngMc"
6,"For All The Dogs","Drake","35nmDyrcnDY4B1ISYpKEEs"
6,"Heroes","Johnny Cash","6hMgnweGhql8JcZ85nq0Mb"
6,"Houses of the Holy","Led Zeppelin","0GqpoHJREPp0iuXK3HzrHk"
6,"Blood Sugar Sex Magik","Red Hot Chili Peppers","30Perjew8HyGkdSmqguYyg"
6,"Lonely (with Lil Wayne)","DaBaby","6PwnWA19E1JThqWMdRrj6l"
6,"Hollywood's Bleeding","Post Malone","4g1ZRSobMefqF6nelkgibi"
6,"Music To Be Murdered By","Eminem","2LWLgGY15e9im0KUaASnFa"
6,"Evil Genius","Gucci Mane","5xqQtdlJUY7Fg4BMp13LrX"
6,"FWA","Lil Wayne","2wVTLpA19kpk5qmkTASir0"
6,"love is not dying","Jeremy Zucker","5MhZZyVkkusXY627OBZKAL"
6,"Halo","Bakar","2VJD6kU8nmxXVrScRyddqV"
6,"Starved","Zach Bryan","07jpOEyD7mjM3X1cW25EY4"
6,"Miss My Dawgs","YG","3tWXlBpvbJN1F0cLtOc47a"
6,"Let’s Start Here.","Lil Yachty","6Per97deaWqrJlKQNX8RGK"
6,"Milky Way","Bas","6sDQacCej53Q43vZF9PJ8i"
6,"Teenage Dream","Katy Perry","06SY6Ke6mXzZHhURLVU57R"
6,"For All The Dogs Scary Hours Edition","Drake","4Q7cRXio6mF2ImVUCcezPO"
6,"Hymns by Johnny Cash","Johnny Cash","7kBFVcdGUF4yMCTIpHZuna"
6,"Stars In The Sky","Kid Cudi","77nZgGhFXUDxjZobYTej2e"
6,"Red Moon In Venus","Kali Uchis","5OZ44LaqZbpP3m9B3oT8br"
6,"Care Package","Drake","7dqpveMVcWgbzqYrOdkFTD"
6,"Kanye West Presents Good Music Cruel Summer","Various Artists","0bcOGgwJpwBjfFBTApoqSn"
6,"Nothing Was The Same","Drake","5mz0mJxb80gqJIcRf9LGHJ"
6,"Section.80","Kendrick Lamar","13WjgUEEAQp0d9JqojlWp1"
6,"Let It Bleed","The Rolling Stones","4l4u9e9jSbotSXNjYfOugy"
6,"The Off-Season","J. Cole","4JAvwK4APPArjIsOdGoJXX"
6,"Funeral","Lil Wayne","2x657XotA7LCsPElXmXX4W"
6,"Everyday We Lit (feat. PnB Rock, Lil Yachty & Wiz Khalifa)","YFN Lucci","0TYDNVrOA3J1bIyHkk5Jpp"
6,"The Boy Who Flew To The Moon","Kid Cudi","19ZYOtXGdqGpeeDS9SJccD"
6,"Death Race For Love","Juice WRLD","1GYVNOzwhx1nMcIJDogSNp"
6,"No Ceilings","Lil Wayne","15rah8uTv13tEhScI9Nv8z"
6,"No.6 Collaborations Project","Ed Sheeran","3oIFxDIo2fwuk4lwCmFZCx"
6,"Something in the Orange","Zach Bryan","1CmTOKCeyz1aHH04OwvTPv"
6,"WE STILL DON'T TRUST YOU","Future","3bSNhnaQQXpC639OQ4pMyP"
6,"LIVE.LOVE.A$AP","A$AP Rocky","4l6EPpP9hjQrLb8qNB9eC5"
6,"HEROES & VILLAINS","Metro Boomin","4gR3h0hcpE1iJH0v5bVv78"
6,"Life of a DON","Don Toliver","2WmJ5wp5wKBlIJE6FDAIBJ"
6,"TWOPOINTFIVE","Aminé","0KkHzH0uia9zwPbrCbS6NY"
6,"New Money (with 21 Savage)","Calvin Harris","1aRWXKL4e4pFg6Z3ObHKKw"
6,"Take Care","Drake","6X1x82kppWZmDzlXXK3y3q"
6,"This Ol' Way","Benjamin Dakota Rogers","27cg3junq7poQIJoWeiSDu"
6,"The Chronic","Dr. Dre","6vdFSyhPjL4dZFkgRtToXH"
6,"Me Against The World","2Pac","3OrucS4sHv6Bl9GS4rafEk"
6,"Rumours","Fleetwood Mac","1bt6q2SruMsBtcerNVtpZB"
6,"Cole World: The Sideline Story","J. Cole","0fhmJYVhW0e4i33pCLPA5i"
6,"Fearless","Taylor Swift","2dqn5yOQWdyGwOpOIi9O4x"
6,"After Hours","The Weeknd","1wSmi4DMuPu5fG7xtyspT2"
6,"Swimming","Mac Miller","5wtE5aLX5r7jOosmPhJhhk"
6,"Watch The Throne","JAY-Z","2P2Xwvh2xWXIZ1OWY9S9o5"
6,"In My Mind","Pharrell Williams","5pYJCnVKIXdZVySWQe4DEl"
6,"Live EP","Led Zeppelin","6PqoCDu8nTLw3p49WAIfY8"
6,"JESUS IS KING","Kanye West","0FgZKfoU2Br5sHOfvZKTI9"
6,"Flockaveli","Waka Flocka Flame","6MQtWELG7aRX7CkAzQ6nLM"
6,"Songbird","Waylon Jennings","3U2Nj6eoEgISZWr6t9WFZV"
6,"Tha Carter","Lil Wayne","5POcKy926GgzFHZpGptJac"
6,"Efil4zaggin","N.W.A.","3OSID3YChn6nOjfUAlSXQZ"
6,"Rated R","Rihanna","7uGmyYwDFJbSc1xs4hkEs2"
6,"Music Is Better Than Words","Seth MacFarlane","6VojJdbXviFkMuemAQ2Ivo"
6,"The College Dropout","Kanye West","4Uv86qWpGTxf7fU7lG5X6F"
6,"Not Like Us","Kendrick Lamar","5JjnoGJyOxfSZUZtk2rRwZ"
6,"Flower Boy","Tyler, The Creator","2nkto6YNI4rUYTLqEwWJ3o"
6,"4 Me (feat. Kali Uchis)","Don Toliver","1TXD0BaYXcHlmPIx7A7a0g"
6,"Alone At Prom","Tory Lanez","5Gm2XKBgnlzd6qTi7LE1z2"
6,"Hollywood's Bleeding","Post Malone","3hcYCR2lbgpayA1Tjz7Q0c"
6,"CALL ME IF YOU GET LOST","Tyler, The Creator","45ba6QAtNrdv6Ke4MFOKk9"
6,"DAYS BEFORE RODEO","Travis Scott","54Y471E7GNBSOXjZtqONId"
6,"SOUTHSIDE","Sam Hunt","1xRcR4iSouBrfVhuqFkPAJ"
6,"Kanye West Presents Good Music Cruel Summer","Kanye West","0A3g19AGFd9Qe3rAIkP8e0"
6,"Tha Carter III","Lil Wayne","5BGzOpea6At0Nd7tYtYZOP"
6,"Funk Wav Bounces Vol.1","Calvin Harris","2HaqChIDc5go3qxVunBDK0"
6,"Pray for Paris","Westside Gunn","6nfJMRoIjyRwk3ZTHNm0PY"
6,"Boys Of Faith","Zach Bryan","5wKVor4aDuvn09tJO7WZpY"
6,"Strait Country","George Strait","31hVCbkvpr2AT6TBa3egDs"
6,"Be","Common","2UuvBxV56QWWj2uviGS0up"
6,"Let's Get It On","Marvin Gaye","1oIICL75sMuInkEhX8jj3b"
6,"LIVE LIFE FAST","Roddy Ricch","1eVrpJbHRLBbioB9sb5b94"
6,"GEMINI","Macklemore","72qA6s4fjF8Y2VX1UDMfp2"
6,"Mr. Morale & The Big Steppers","Kendrick Lamar","1atjqOZTCdrjxjMyCPZc2g"
6,"All My Homies Hate Ticketmaster (Live from Red Rocks)","Zach Bryan","5hVCiOPye3IDJG4rbO44UH"
6,"GNX","Kendrick Lamar","0hvT3yIEysuuvkK73vgdcW"
6,"SAVAGE MODE II","21 Savage","6wTyGUWGCilBFZ837k5aRi"
6,"Graduation","Kanye West","4SZko61aMnmgvNhfhgTuD3"
6,"Purgatory","Tyler Childers","35LcGAeeMwVeIJrDpB3Gkz"
6,"1989","Taylor Swift","2QJmrSgbdM35R67eoGQo4j"
6,"Elephunk","Black Eyed Peas","3eqkfT9f1XyM8GME1gVDrD"
6,"The Pinkprint","Nicki Minaj","5qs8T6ZHSrnllnOuUk6muC"
6,"Heaven Or Hell","Don Toliver","7z4GhRfLqfSkqrj5F3Yt2B"
6,"The Miseducation of Lauryn Hill","Ms. Lauryn Hill","1BZoqf8Zje5nGdwZhOjAtD"
6,"Eternal Atake","Lil Uzi Vert","7IyoGB8J31fvQDwGtHAq9m"
6,"Blonde","Frank Ocean","3mH6qwIy9crq0I9YQbOuDf"
6,"808s & Heartbreak","Kanye West","3WFTGIO6E3Xh4paEOBY9OU"
6,"2000 B.C.","Canibus","2EYvS50FKBryMpvBN91z3M"
6,"Eazy-Duz-It","Eazy-E","2glPhGd3WXbnNttSdOOr2e"
6,"Oppenheimer (Original Motion Picture Soundtrack)","Ludwig Göransson","0rwbMKjNkp4ehQTwf9V2Jk"
6,"Pink Friday","Nicki Minaj","3N9kar9VT6yLh3cqPEwlbS"
6,"ASTROWORLD","Travis Scott","41GuZcammIkupMPKH2OJ6I"
6,"UTOPIA","Travis Scott","18NOKLkZETa4sWwLMIm0UZ"
6,"10 Day","Chance the Rapper","6bUsvxMAuR8NXG2ujCU4yi"
6,"Hall of Fame 2.0","Polo G","2rLqUcipEjIKK9rma5OTN8"
6,"Gilda","Kemba","1uCv6gKoP1IlE5Y4R7t3rt"
6,"After Hours","The Weeknd","4yP0hdKOZPNshxUOjY0cZj"
6,"Recovery","Eminem","47BiFcV59TQi2s9SkBo2pb"
6,"DONDA 2","DONDA","1ZkGNUz1un0b3Z7EsJl3ci"
6,"Black On Both Sides","Mos Def","5gK2l2LgWY0BA4p9uy27z6"
6,"Hold Space For Me","Orion Sun","4Y9r8QQYroasHOYHUwCeSB"
6,"VULTURES 1","¥$","30zwjSQEodaUXCn11nmiVF"
6,"To Pimp A Butterfly","Kendrick Lamar","7ycBtnsMtyVbbwTfJwRjSP"
6,"The Great American Bar Scene","Zach Bryan","1U0Z7QjSzlg3gMeUOuUldz"
6,"Liquid Swords","GZA","3k8xoyOXkGgZxUKgpmxz4P"
6,"Strait From The Heart","George Strait","3NB2cmFq9nyhHSVz0Zv08t"
6,"The Big Day","Chance the Rapper","7bgi7zCoDsZdlLKPonHZqP"
6,"Certified Lover Boy","Drake","3SpBlxme9WbeQdI9kx7KAV"
6,"Death Row Greatest Hits","Various Artists","3D9rCNaPmonUJUnv4wgE3C"
7,"In the Waiting","Kina Grannis","0DTXDUMJhpH0dtHlvUGXVd"
7,"The Wiggles Sound System: Rave of Innocence","The Wiggles","1ZZnrkjq3sKWHwEkvtHLdp"
7,"Hazbin Hotel","Hazbin Hotel","2EOqRNsJiNb7IFLktJBZpq"
7,"Flatline","Jared Benjamin","5NirofbQtRmpieVBw1F5Av"
7,"Midnights","Taylor Swift","151w1FgRZfnKZA9FEcg9Z3"
7,"Songs of Her's","Her's","03gwRG5IvkStFnjPmgjElw"
7,"Hamilton","Lin-Manuel Miranda","1kCHru7uhxBUdzkm4gzRQc"
7,"It's All True","MALINDA","1UpImEQJchHJdaoHJrmtOG"
7,"Boyfriend Dungeon (Original Game Soundtrack)","Marskye","3RFz8CC8bnSs61QbkRrmUT"
7,"THE TORTURED POETS DEPARTMENT: THE ANTHOLOGY","Taylor Swift","5H7ixXZfsNMGbIE5OBSpcb"
7,"Dear Wormwood","The Oh Hellos","6wYIs564dOi2lOT9bGYPLK"
7,"evermore","Taylor Swift","2Xoteh7uEpea4TohMxjtaq"
8,"Beside Myself","Basement","6GR8EnywUgDFHmqUHO19RO"
8,"Come Around Sundown (Expanded Edition)","Kings of Leon","5xFZ4iElFbUFtOGX4lvdTM"
8,"Sway","Whirr","6QgXMxrY2A5LFu2bbusPAd"
8,"Slipknot","Slipknot","2dL9Q5AtIv4Rw1L6lKcIUc"
8,"Feels Like You","Whirr","1KqeCls7MbxCt1OJD6iEcg"
8,"Behind The Light","Phillip Phillips","6jnLafIyYLpSZQL7rcHj8e"
8,"Twist / Between Asleep and Awake","Whirr","7bWIYhG3f2BOBxUIbv87ks"
8,"Raw Blue (Deluxe Edition)","Whirr","4z9m8kMH77YXK14m4wMFyV"
8,"Buds","Ovlov","3aPtrtMapoYJdzVa7Jkc3M"
8,"Whirr & Nothing","Nothing","6pDNWot4SaDPtMLerJ3AFZ"
8,"Sunbather","Deafheaven","2kKXGWaCEl06EKZ4DxBJIT"
8,"All Things Must Pass","George Harrison","4I4xtHaIFOzhZfp1NIHkY6"
8,"Wilder Mind","Mumford & Sons","6OA97YC9HbLfdREQKnsH2R"
8,"Untourable Album","Men I Trust","7FkJxlcljM6Ix0pC2JSNOE"
8,"Bon Voyage","Melody's Echo Chamber","0jolpH4eoj3kSEVg9mvZXr"
8,"Ordinary Corrupt Human Love","Deafheaven","2iA7rzpQsOfAPkfH4Ekp7f"
8,"Forever Live Sessions","Men I Trust","4p73PcjJvWer7WDYXcGetn"
8,"Is the Is Are","DIIV","5PPPABn2aZ0jRuHPMONwSR"
8,"Feels Like You","Whirr","1fyZK4ivI8xZCOdOuOgPa7"
8,"Lush","Snail Mail","2e48GqjEwCi87gQJanb1bf"
8,"Daybreaker (Deluxe Edition)","Architects","6rvoCczjq9prDGSoxQr1Xq"
8,"Muta / Blue Sugar","Whirr","14QnHkw32sDcUzQQw7czN4"
8,"Negative Spaces","Poppy","0YIOpXQvcbiDNPusSqi5Ew"
8,"Promise Everything","Basement","2Ic7SVaZu6loRXczS4VfYP"
8,"All Our Gods Have Abandoned Us","Architects","2NJMu78M8xVy2NAxicD1so"
8,"Color Change","Whirr","7vz5LMbBRijUKUcOgg46OE"
8,"All Our Gods Have Abandoned Us","Architects","3OYBI2pM9l36LYVhsqeL8j"
8,"Pipe Dreams","Whirr","6kVYWDC7YJIaqgHJiZpFuz"
8,"Distressor","Whirr","1pb833uCDQF7R9BBJ5Qg1j"
8,"Raw Blue","Whirr","7sjPkabCV2TmmnlitookOK"
8,"Buds Demos","Ovlov","09qx0XMNy2QUQoYgRlIMrZ"
8,"Raw Blue","Whirr","60tRZhd4LdBGOykLIrbFCm"
8,"Feels Like You","Whirr","1l3SEC1lxr8sEv4ECKUJyT"
11,"Virgin","Lorde","28bHj2enHkHVFLwuWmkwlQ"
11,"The Lo-Fis","Steve Lacy","6m5qlaMzLtNsQDj3DQY5ji"
11,"Bleed (feat. Omar Apollo)","Malcolm Todd","7E93xjRYu5jTayc9x9wQKk"
11,"WHEN WE ALL FALL ASLEEP, WHERE DO WE GO?","Billie Eilish","0S0KGZnfBGSIssfF54WSJh"
11,"Ugly Duck","Hotel Ugly","2gys1pKIbiL523OHH6H59P"
11,"Stick Season","Noah Kahan","50ZenUP4O2Q5eCy2NRNvuz"
11,"dancefloor","marcos g","0vKSiF0Lg4WLbTkJp0jwi5"
11,"Submarine","The Marías","03guxdOi12XJbnvxvxbpwG"
11,"Run","Joji","6vC3YjRy755VljFSemBUu7"
12,"Stick Season","Noah Kahan","1pb3je8gXTs5dpRRTKhHRC"
14,"Somewhere New","5 Seconds of Summer","0EQf88lQRcjPOEpt9kbnSj"
14,"I Know What You Did Last Summer","Shawn Mendes","0jqa3qh7Qf4oUVblT4svqA"
14,"She's Kinda Hot","5 Seconds of Summer","3GHSJr3kphMYHd7tYelcsA"
14,"Cloud Watching","Enluv","5vJleSMBCUiZXcfF44OgYM"
14,"Champion","Fall Out Boy","0hq4f2xLNdwhkBd6FDYTqD"
14,"Unplugged","5 Seconds of Summer","39Ux32dLjlKAS0UvtnZuY5"
14,"Vessel","Twenty One Pilots","2r2r78NE05YjyHyVbVgqFn"
14,"Misadventures","Pierce The Veil","1wV3Oun1eOsGZWihTuTApq"
14,"BADLANDS","Halsey","5U5rt98q8Jqx4lP3RdqYfO"
14,"5 Seconds Of Summer","5 Seconds of Summer","2LkWHNNHgD6BRNeZI2SL1L"
14,"Fine Line","Harry Styles","7xV2TzoaVc0ycW7fwBwAml"
15,"Me / And / Dad","Billy Strings","3sEnM8BV4F3dQno5rFzdW1"
15,"Mr. Misunderstood","Eric Church","1QIZsTZrZdQwQ9QJnFoFao"
15,"The Layover","Mike Posner","49XLJ6XYJj7j2m1NWchu30"
15,"Believe","The String Cheese Incident","1ugwsDgtIFbpiAV3pg1M91"
15,"Muchos Mahalos","Wheeland Brothers","7en3yLOoWwGTdfMbdQp4tq"
15,"Purgatory","Tyler Childers","35LcGAeeMwVeIJrDpB3Gkz"
15,"How The West Was Won","Led Zeppelin","39BE5332FUDi2TIYD84hm2"
15,"Where the Light Is: John Mayer Live In Los Angeles","John Mayer","4Dgxy95K9BWkDUvQPTaYBb"
15,"Live, Volume 2: Nail & Tooth","The Wood Brothers","65ExnsMKai6wH55hHy8yhV"
15,"Born and Raised","John Mayer","6S0BIiWtnqU0PtumXMpin0"
15,"Blue Train","John Coltrane","4vIJFprkZ7vyN6nhcBgQmG"
15,"Coloring Book","Chance the Rapper","71QyofYesSsRMwFOTafnhB"
15,"Blood Sugar Sex Magik","Red Hot Chili Peppers","30Perjew8HyGkdSmqguYyg"
15,"A Kid Named Cudi","Kid Cudi","2blXZboio9DF8VC39LmUag"
15,"Cute Without The E (Ziri)","Steve Aoki","11oBNhmgFJzk7QGa4LraT0"
15,"The Sunny Album (Deluxe Edition)","Hippie Sabotage","2VmLk5bAd5QjLtX7cHm594"
15,"Something from Nothing (feat. Quinn XCII)","GRMM","0ITgtO8I9xJ8b65zWQnr4V"
15,"Kona Town","Pepper","37ijUtHcOrsDCIQRsa5sB4"
15,"The Life And Time Of Country Joe And The Fish From Haight-Ashbury To Woodstock","Country Joe & The Fish","5ObC7ha3cFQl9XZeRrTiPI"
15,"..It's Too Late to Stop Now...Volumes II, III & IV","Van Morrison","2DZ6GAyIjS3nyGsPbHe2uU"
15,"Home","Billy Strings","6Wpawdx7fSuBAKY0t793fx"
15,"Californication","Red Hot Chili Peppers","2Y9IRtehByVkegoD7TcLfi"
15,"Broken Soul Jamboree","Tipper","6HyssTrpFP3E4MKp3Rkigs"
15,"Loaded","The Wood Brothers","1IOJo40EKOLngOzy09pQMi"
15,"Everything Under The Sun","Sublime","5fJ2bEPDiCX5BLr5PYSauS"
15,"The Outsiders","Eric Church","7Ad3sRoSJmRcjtd5Ce27Oj"
15,"Coda","Led Zeppelin","56G9UnPmRifbubzPDJfAyd"
15,"Man On The Moon: The End Of Day","Kid Cudi","2S8AWAM0nxyFy66YnUfIs3"
15,"The Great Outdoors Jam","Pigeons Playing Ping Pong","5cuTIJPN1dAKOio9tzWOk0"
15,"A Sailor's Guide to Earth","Sturgill Simpson","5I3UdCxtIh6hkQ7rMPUvA4"
15,"Renewal","Billy Strings","2as5ea7TPPkXI2OINaMjZR"
15,"In Through the out Door","Led Zeppelin","1jCYuXr0Ujke24z1ymBr5U"
15,"The Essential Lynyrd Skynyrd","Lynyrd Skynyrd","4zQRIyATzfm8RQ8ZOI47la"
15,"Live on Red Barn Radio I & II","Tyler Childers","7lf0m3iNU59X4r8udCQcB6"
15,"The Getaway","Red Hot Chili Peppers","43otFXrY0bgaq5fB3GrZj6"
15,"In the Mountain in the Cloud","Portugal. The Man","1OWNvsDzhEwT5cXLlo9iO7"
15,"Senza Pagare VS T-Pain (feat. T-Pain)","J-AX","5h6VAJVDck4NJdzS2T5eGp"
15,"Just Like Fire (From the Original Motion Picture ""Alice Through The Looking Glass"")","P!nk","09K53TLaJZ156prccNvwuS"
15,"boygenius","boygenius","6RjlLIuDFC8Dw91yRAdPz9"
15,"the record","boygenius","0e9GjrztzBw8oMC6n2CDeI"
15,"Graduation","Kanye West","4SZko61aMnmgvNhfhgTuD3"
15,"Change of Scenery","Quinn XCII","4Rp02sRtYz5Kp9qHP4VcxQ"
15,"Stung","Quinn XCII","6aJg0RUDOp9kJ8Eavf2c5Y"
15,"Straightjacket","Quinn XCII","4p3lqiFZL2hy55KEQtrP11"
15,"BADLANDS","Halsey","5OZJflQcQCdZLQjtUudCin"
15,"My Beat Goes","Ummet Ozcan","7uAqY6dfLfP1IztL4x44QB"
15,"Nirvana (God in Designer)","The Kids","1opRtfy0lpTnxqopXDR19V"
15,"A/B","KALEO","4he4SQup02hEIQdwhZlZlk"
15,"Led Zeppelin IV","Led Zeppelin","4Ib1gx1Yb4kvmcc7eZH0Mi"
15,"ZONKEY","Umphrey's McGee","5GHLXH6qgXR4Gq10bmFfEo"
15,"The Sidewinder","Lee Morgan","5yhhdRQNY08xnU40Tm3zzi"
15,"Live, Volume 1: Sky High","The Wood Brothers","4yoYpBy0H4hkq197ToWqSt"
15,"American Beauty/American Psycho","Fall Out Boy","022DrG7Wp2PSCwzuD0bSzT"
15,"The Seamless Unspeakable Something","Tipper","69LrIImOfaGVYW5gM4VG15"
15,"Toward a Never Ending New Beginning","Yoke Lore","4N7crJO2i5qyJ3s3fmtbCS"
15,"Slug Life","The Feathered Fish","6f2488RohKL5goOJTIsNgh"
15,"I-Feel-Like-I'm-Fixin'-To-Die","Country Joe & The Fish","5qLH7ahsjN4qZumjwdlkhT"
15,"Robbin' The Hood","Sublime","3ZaZ9xbiQRBtkJAmnjg1eq"
15,"We're Onto Something (feat. Zach Bryan)","Kings of Leon","0qKyNTZc8qx2ZuuvXzoqb4"
15,"Mothership","Led Zeppelin","4wExFfncaUIqSgoxnqa3Eh"
15,"Led Zeppelin IV","Led Zeppelin","1Ugdi2OTxKopVVqsprp5pb"
15,"Wobble Factor","Tipper","0bHgh4mc3YWbxPU48D11Wp"
15,"The Majestic Majesty","Portugal. The Man","5ZqlTo5phfbqoMWFnGVCbE"
15,"Celebration Day","Led Zeppelin","0kTe1sQd9yhDsdG2Zth7X6"
15,"Saxophone Colossus","Sonny Rollins","2dtjLAwt7Cq763h6AupyPZ"
15,"Live from Missoula, MT (3.4.17)","Umphrey's McGee","5Wz3e7drpbi5EpCxzkDp2s"
15,"Good Friend","Quinn XCII","1dtom6ImU41n61yUETj6nw"
15,"40oz. To Freedom","Sublime","0vuwlanMPucXrYMGnOjhYL"
15,"Make My Bed","King Princess","6VnoKML5dWRxOOEbMAPfG5"
15,"Kind Of Blue (Legacy Edition)","Miles Davis","4sb0eMpDn3upAFfyi4q2rw"
15,"Reinventing Axl Rose","Against Me!","5a8YbV4iL6uuJ90GqyzLzQ"
15,"Good Will Prevail","GRiZ","1H11dYnWcUyVpw3MMakGAl"
15,"Evil Friends","Portugal. The Man","6VoOCCv0bXPrTHDncJyIgF"
15,"Not Like Us","Kendrick Lamar","5JjnoGJyOxfSZUZtk2rRwZ"
15,"We Don't Need To Whisper","Angels & Airwaves","55drvPTRV1FgJkuaztyS5X"
15,"The Forever Story","JID","3QVjpIxcksDkJmOnvlOJjg"
15,"Stung","Quinn XCII","2gQeUYXqLEjMsHa3jTqrBP"
15,"American Ghetto","Portugal. The Man","7tQ6vsgZaRnCCFg7z2utU3"
15,"Head Hunters","Herbie Hancock","5fmIolILp5NAtNYiRPjhzA"
15,"RKS","Rainbow Kitten Surprise","2aaWMtuGxw17AZpKhZGdXQ"
15,"Soul Station","Hank Mobley","731OW49heGHCMrMOREHYlY"
15,"Seven + Mary","Rainbow Kitten Surprise","4lGNpgFI67TUq5BMfnPe3Z"
15,"Paradise Valley","John Mayer","712VoD72K500yLhhgqCyVe"
15,"Stadium Arcadium","Red Hot Chili Peppers","7xl50xr9NDkd3i2kBbzsNZ"
15,"Dame Fortune","RJD2","298x29sNXaH7yDgXLoKiQX"
15,"NO THANK YOU","Little Simz","57263zG8Md6XZ9lBUPPYCm"
15,"Folk Hop N' Roll","Judah & the Lion","7vLmY8rLjLvOTQ0wk7Hqeh"
15,"Requiem","Apashe","1cNI5bMJk11DV8PglRAd3R"
15,"Let It Bleed","The Rolling Stones","4l4u9e9jSbotSXNjYfOugy"
15,"Tip Hop","Tipper","4j8E5fi2SUQDUPrbY2Sa3X"
15,"Mescalito","Ryan Bingham","42sqfix0LCG84XUSOJ0L1D"
15,"Ff7 Lofi","RandomBeats","5mHYiPFMbKNA2CJ641ghDZ"
15,"100 Degrees (feat. Quinn XCII)","KOLAJ","4D0tFEpEhCm7dQfOPuooRw"
15,"Bloom","Quinn XCII","7aM6v0GcQ3UXbjg1I6NgyA"
15,"Forward Escape","Tipper","6iXjPAUqAY5c3cVe1lNHut"
15,"Coda","Led Zeppelin","228mANuRrV20jS5DCA0eER"
15,"Led Zeppelin IV","Led Zeppelin","5EyIDBAqhnlkAHqvPRwdbX"
15,"The STS Instrumentals","RJD2","3RxQDS8LCfIfQrfp0Ki3rj"
15,"Nevermind","Nirvana","1ySR0W1hHxPDKCBWdvzRvc"
15,"Time Out","Dave Brubeck","2FpXNwmewH9F2bytZMevuS"
15,"A Hard up Life","Drayton Farley","4hxny6RxCa9kJjdXkpXlPi"
15,"Tattoo You","The Rolling Stones","15XNBzVWARPMlu0sEbfBjJ"
15,"Country Squire","Tyler Childers","2T9P5dSm786uuxA5tkI1Xb"
